ID,Name,Prefab,Form,BigForm,Type,Local,Shield,Pos,Condition,Star,Icon,Fill,Attribute,Grade,Rare,Tag,Path,CompoundCurrency,CompoundItem,Blueprint,EvolutionCurrency,EvolutionForm,EvolutionLast,EnchantItem,EnchantForm,Resolve,Explain,_Name
AV260000,AVATAR_FACE_0000,pr260000,-1,-1,24,[34],[],"[3,388]",[],4,"""""",[],"[0,0,0,0,0,0,0,0,0,0]","[[1, ""C""], [3, ""C""], [4, ""C""], [7, ""C""], [9,""C""]]",[],[],{},[],[],[],[],[],"""""",[],{},[],AVATAR_DEFAULT_HAIR_MEAN,
AV050000,AVATAR_JACKET_0000,pr050000,-1,-1,5,[24],[4],"[-2,241]",[],4,"""""",[],"[0,0,0,0,0,0,0,0,0,0]","[[1, ""C""], [3, ""C""], [4, ""C""], [7, ""C""], [9,""C""]]",[],[],{},[],[],[],[],[],"""""",[],{},[],AVATAR_DEFAULT_HAIR_MEAN,
AV300000,AVATAR_TROUSERS_0000,pr300000,-1,-1,6,[24],[4],"[-4,77]",[],4,"""""",[],"[0,0,0,0,0,0,0,0,0,0]","[[1, ""C""], [3, ""C""], [4, ""C""], [7, ""C""], [9,""C""]]",[],[],{},[],[],[],[],[],"""""",[],{},[],AVATAR_DEFAULT_HAIR_MEAN,
AV040000,AVATAR_DRESS_0002,pr040000,-1,-1,4,[27],"[5,6]","[2,122]",[],4,"""""",[],"[0,0,0,0,0,0,0,0,0,0]","[[1, ""C""], [3, ""C""], [4, ""C""], [7, ""C""], [9,""C""]]",[],[],{},[],[],[],[],[],"""""",[],{},[],AVATAR_DEFAULT_HAIR_MEAN,
AV020000,AVATAR_HAIR_0000,pr020000,1,1,2,"[7,37]",[],"[-18,326]",[],4,icon_020000,[],"[100,0,200,0,300,0,400,0,500,0]","[[1, ""C""], [3, ""C""], [4, ""C""], [7, ""C""], [9,""C""]]","[1,2]",[],{},[],[],[],[],[],"""""",[],{},[],AVATAR_DEFAULT_HAIR_MEAN,
AV010001,AVATAR_PR_010001,pr010001,10,8,1,[38],[],"[4,480]",[],2,icon_010001,[],"[0,250,0,200,350,0,200,0,350,0]","[[1, ""B""], [3, ""C""], [4, ""A""], [6, ""C""], [8,""A""]]","[8,4]",[],{"level":["MA02301"]},[],[],[],[],[],"""""",[],{"0":"AV010011"},[],AVATAR_DEFAULT_HAIR_MEAN,
AV010002,AVATAR_PR_010002,pr010002,10,8,1,[38],[],"[-56,477]",[],1,icon_010002,[],"[350,0,0,425,0,350,425,0,350,0]","[[0,""A""],[3,""S""],[5,""A""],[6,""S""],[8,""A""]]","[1,6]",[],{},[],[],[],[],[],"""""",[],{},[],AVATAR_DEFAULT_HAIR_MEAN,
AV010003,AVATAR_PR_010003,pr010003,10,8,1,[38],[],"[-16,469]",[],2,icon_010003,[],"[0,200,0,250,0,250,0,250,0,350]","[[1, ""C""], [3, ""B""], [5, ""B""], [7, ""B""], [9,""A""]]","[1,7]",[],{},[],[],[],[],[],"""""",[],{},[],AVATAR_DEFAULT_HAIR_MEAN,
AV010004,AVATAR_PR_010004,pr010004,10,8,1,[38],[],"[-3,468]",[],2,icon_010004,[],"[200,0,250,0,0,350,0,200,0,250]","[[0, ""C""], [2, ""B""], [5, ""A""], [7, ""C""], [9,""B""]]","[5,9]",[],{"level":["MA01501"]},[],[],[],[],[],"""""",[],{},[],AVATAR_DEFAULT_HAIR_MEAN,
AV010005,AVATAR_PR_010005,pr010005,10,8,1,[38],[],"[-46,382]",[],3,icon_010005,[],"[0,350,425,0,350,0,425,0,200,0]","[[1, ""A""], [2, ""S""], [4, ""A""], [6, ""S""], [8,""C""]]","[1,7]",[],{},[],[],[],[],[],"""""",[],{},[],AVATAR_DEFAULT_HAIR_MEAN,
AV010006,AVATAR_PR_010006,pr010006,10,8,1,[38],[],"[3,456]",[],2,icon_010006,[],"[0,425,0,200,250,0,200,0,200,0]","[[1, ""S""], [3, ""C""], [4, ""B""], [6, ""C""], [8,""C""]]","[4,1]",[],"{""workShop"":{""dressType"":8, ""id"":""AV010006"", ""type"":""CompoundItem""}}","[""currency"", ""IT0011"", ""count"", 1000]","[[""avatar"", ""AV010004"", ""count"", 1],[""item"", ""IT0328"", ""count"", 2],[""item"", ""IT0319"", ""count"", 3],[""item"", ""IT0331"", ""count"", 5]]","[""item"", ""IT1007"", ""count"", 1]",[],[],"""""",[],{},[],AVATAR_DEFAULT_HAIR_MEAN,
AV010007,AVATAR_PR_010007,pr010007,10,8,1,"[6,38]",[],"[-44,446]",[],1,icon_010007,[],"[0,350,350,0,350,0,0,350,500,0]","[[1,""A""],[2,""A""],[4,""A""],[7,""A""],[8,""SS""]]","[1,7]",[],{},[],[],[],[],[],"""""",[],{},[],AVATAR_DEFAULT_HAIR_MEAN,
AV010008,AVATAR_PR_010008,pr010008,10,8,1,"[6,38]",[],"[-14,460]",[],2,icon_010008,[],"[250,0,350,0,200,0,250,0,200,0]","[[0, ""B""], [2, ""A""], [4, ""C""], [6, ""B""], [8,""C""]]","[4,8]",[],"{""workShop"":{""dressType"":8, ""id"":""AV010010"", ""type"":""EnchantForm"", ""EnchantId"":""AV010008""}}",[],[],[],[],[],"""""","[[""item"",""IT0301"",""count"", 5],[""item"",""IT0300"",""count"", 6]]",{},[],AVATAR_DEFAULT_HAIR_MEAN,
AV010009,AVATAR_PR_010009,pr010009,10,8,1,[38],[],"[-58,396]",[],3,icon_010009,[],"[0,250,0,250,0,425,0,250,0,425]","[[1, ""B""], [3, ""B""], [5, ""S""], [7, ""B""], [9,""S""]]","[3,9]",[],"{""workShop"":{""dressType"":8, ""id"":""AV010009"", ""type"":""CompoundItem""}}","[""currency"", ""IT0011"", ""count"", 2000]","[[""avatar"", ""AV010011"", ""count"", 3],[""avatar"", ""AV180002"", ""count"", 2],[""item"", ""IT0327"", ""count"", 4],[""item"", ""IT0334"", ""count"", 3]]","[""item"", ""IT1014"", ""count"", 1]",[],[],"""""",[],{},[],AVATAR_DEFAULT_HAIR_MEAN,
AV010010,AVATAR_PR_010010,pr010010,10,8,1,[38],[],"[4,480]",[],2,icon_010010,[],"[250,0,250,0,0,350,200,0,0,200]","[[0, ""B""], [2, ""B""], [5, ""A""], [6, ""C""], [9,""C""]]","[0,5]",[],{"level":["MA00101"]},[],[],[],[],[],"""""",[],{"1":"AV010008"},[],AVATAR_DEFAULT_HAIR_MEAN,
AV010011,AVATAR_PR_010011,pr010011,10,8,1,[38],[],"[4,480]",[],2,icon_010011,[],"[350,0,0,200,0,250,0,200,0,350]","[[0, ""A""], [3, ""C""], [5, ""B""], [7, ""C""], [9,""A""]]","[0,9]",[],"{""workShop"":{""dressType"":8, ""id"":""AV010001"", ""type"":""EnchantForm"", ""EnchantId"":""AV010011""}}",[],[],[],[],[],"""""","[[""item"",""IT0308"",""count"", 2],[""item"",""IT0300"",""count"", 8]]",{},[],AVATAR_DEFAULT_HAIR_MEAN,
AV010012,AVATAR_PR_010012,pr010012,10,8,1,[38],[],"[4,480]",[],3,icon_010012,[],"[250,0,0,350,200,0,0,200,0,350]","[[0,""B""],[3,""A""],[4,""C""],[7,""C""],[9,""A""]]","[0,9]",[],{},[],[],[],[],[],"""""",[],{},[],AVATAR_DEFAULT_HAIR_MEAN,
AV010014,AVATAR_PR_010014,pr010014,10,8,1,[38],[],"[4,480]",[],3,icon_010014,[],"[0,350,0,500,0,425,500,0,425,0]","[[1,""A""],[3,""SS""],[5,""S""],[6,""SS""],[8,""S""]]","[0,9]",[],{},[],[],[],[],[],"""""",[],{},[],AVATAR_DEFAULT_HAIR_MEAN,
AV010015,AVATAR_PR_010015,pr010015,10,8,1,[38],[],"[4,480]",[],3,icon_010015,[],"[0,350,350,0,0,350,425,0,425,0]","[[1,""A""],[2,""A""],[5,""A""],[6,""S""],[8,""S""]]","[0,9]",[],{},[],[],[],[],[],"""""",[],{},[],AVATAR_DEFAULT_HAIR_MEAN,
AV020001,AVATAR_PR_020001,pr020001,1,1,2,"[7,37]",[],"[-5,309]",[],1,icon_020001,[],"[100,0,200,0,300,0,400,0,500,0]","[[1, ""C""], [3, ""C""], [4, ""C""], [7, ""C""], [9,""C""]]","[8,0]",[],{},[],[],[],[],[],"""""",[],{},[],AVATAR_DEFAULT_HAIR_MEAN,
AV020002,AVATAR_PR_020002,pr020002,1,1,2,[37],[],"[-22,387]",[],1,icon_020002,[],"[0,100,0,200,0,300,0,400,0,500]","[[1, ""C""], [3, ""C""], [4, ""C""], [7, ""C""], [9,""C""]]","[6,9]",[],{},[],[],[],[],[],"""""",[],{},[],AVATAR_DEFAULT_HAIR_MEAN,
AV020003,AVATAR_PR_020003,pr020003,1,1,2,[37],[],"[-10,399]",[],2,icon_020003,[],"[0,400,320,0,0,400,0,400,560,0]","[[1, ""B""], [2, ""C""], [5, ""B""], [7, ""B""], [8,""A""]]","[1,5]",[],{},[],[],[],[],[],"""""",[],{},[],AVATAR_DEFAULT_HAIR_MEAN,
AV020004,AVATAR_PR_020004,pr020004,1,1,2,"[7,37]",[],"[0,269]",[],3,icon_020004,[],"[680,0,0,400,0,560,0,400,560,0]","[[0, ""S""], [3, ""B""], [5, ""A""], [7, ""B""], [8,""A""]]","[1,5]",[],{},[],[],[],[],[],"""""",[],{},[],AVATAR_DEFAULT_HAIR_MEAN,
AV020005,AVATAR_PR_020005,pr020005,1,1,2,[37],[],"[-21,393]",[],2,icon_020005,[],"[560,0,320,0,320,0,560,0,0,320]","[[0, ""A""], [2, ""C""], [3, ""C""], [6, ""A""], [9,""C""]]","[6,0]",[],{"level":["MA02101"]},[],[],[],[],[],"""""",[],{},[],AVATAR_DEFAULT_HAIR_MEAN,
AV020006,AVATAR_PR_020006,pr020006,1,1,2,"[7,37]",[],"[-17,341]",[],3,icon_020006,[],"[0,560,320,0,400,0,680,0,0,560]","[[1, ""A""], [2, ""C""], [4, ""B""], [6, ""S""], [9,""C""]]","[1,5]",[],{},[],[],[],[],[],"""""",[],{},[],AVATAR_DEFAULT_HAIR_MEAN,
AV020011,AVATAR_PR_020011,pr020011,1,1,2,"[7,37]",[],"[-7,244]",[],2,icon_020011,[],"[320,0,0,400,0,400,560,0,400,0]","[[0, ""C""], [3, ""B""], [5, ""B""], [6, ""A""], [8,""B""]]","[6,3]",[],{"level":["MA01301"]},[],[],[],[],[],"""""",[],{"4":"AV020016"},[],AVATAR_DEFAULT_HAIR_MEAN,
AV020012,AVATAR_PR_020012,pr020012,1,1,2,"[7,37]",[],"[-14,293]",[],1,icon_020012,[],"[0,400,680,0,400,0,400,0,560,0]","[[1,""B""],[2,""S""],[4,""B""],[6,""B""],[8,""A""]]","[1,7]",[],{},[],[],[],[],[],"""""",[],{},[],AVATAR_DEFAULT_HAIR_MEAN,
AV020013,AVATAR_PR_020013,pr020013,1,1,2,[37],[],"[-20,218]",[],1,icon_020013,[],"[0,320,0,560,320,0,320,0,400,0]","[[1, ""C""], [3, ""A""], [4, ""C""], [6, ""C""], [8,""B""]]","[3,8]",[],"{""workShop"":{""dressType"":1, ""id"":""AV020015"", ""type"":""EnchantForm"", ""EnchantId"":""AV020013""}}",[],[],[],[],[],"""""","[[""item"",""IT0305"",""count"", 3],[""item"",""IT0300"",""count"", 3]]",{},[],AVATAR_DEFAULT_HAIR_MEAN,
AV020014,AVATAR_PR_020014,pr020014,1,1,2,[37],[],"[-20,385]",[],3,icon_020014,[],"[400,0,0,560,0,400,0,560,0,680]","[[0, ""B""], [3, ""A""], [5, ""B""], [7, ""C""], [9,""S""]]","[7,9]",[],"{""workShop"":{""dressType"":1, ""id"":""AV010009"", ""type"":""CompoundItem""}}","[""currency"", ""IT0011"", ""count"", 2000]","[[""avatar"", ""AV020005"", ""count"", 4],[""item"", ""IT0321"", ""count"", 4],[""item"", ""IT0327"", ""count"", 4]]","[""item"", ""IT1013"", ""count"", 1]",[],[],"""""",[],{},[],AVATAR_DEFAULT_HAIR_MEAN,
AV020015,AVATAR_PR_020015,pr020015,1,1,2,"[7,37]",[],"[-17,341]",[],1,icon_020015,[],"[400,0,320,0,0,560,0,320,0,320]","[[0, ""B""], [2, ""C""], [5, ""A""], [7, ""C""], [9,""C""]]","[0,5]",[],{"level":["MA00201"]},[],[],[],[],[],"""""",[],{"2":"AV020013"},[],AVATAR_DEFAULT_HAIR_MEAN,
AV020016,AVATAR_PR_020016,pr020016,1,1,2,"[7,37]",[],"[-17,341]",[],2,icon_020016,[],"[680,0,0,320,400,0,320,0,0,400]","[[0, ""S""], [3, ""C""], [4, ""B""], [6, ""C""], [9,""B""]]","[0,4]",[],"{""workShop"":{""dressType"":1, ""id"":""AV020011"", ""type"":""EnchantForm"", ""EnchantId"":""AV020016""}}",[],[],[],[],[],"""""","[[""item"",""IT0303"",""count"", 5],[""item"",""IT0300"",""count"", 8]]",{},[],AVATAR_DEFAULT_HAIR_MEAN,
AV020017,AVATAR_PR_020017,pr020017,1,1,2,"[7,37]",[],"[-17,341]",[],2,icon_020017,[],"[0,680,400,0,0,400,0,320,0,680]","[[1,""S""],[2,""B""],[5,""B""],[7,""C""],[9,""S""]]","[0,4]",[],{},[],[],[],[],[],"""""",[],{},[],AVATAR_DEFAULT_HAIR_MEAN,
AV020018,AVATAR_PR_020018,pr020018,1,1,2,"[7,37]",[],"[-17,341]",[],2,icon_020018,[],"[400,0,0,400,680,0,0,320,680,0]","[[0,""B""],[3,""B""],[4,""S""],[7,""C""],[8,""S""]]","[0,4]",[],{},[],[],[],[],[],"""""",[],{},[],AVATAR_DEFAULT_HAIR_MEAN,
AV020019,AVATAR_PR_020019,pr020019,1,1,2,"[7,37]",[],"[-17,341]",[],2,icon_020019,[],"[680,0,680,0,0,400,0,320,0,400]","[[0,""S""],[2,""S""],[5,""B""],[7,""C""],[9,""B""]]","[0,4]",[],{},[],[],[],[],[],"""""",[],{},[],AVATAR_DEFAULT_HAIR_MEAN,
AV020020,AVATAR_PR_020020,pr020020,1,1,2,"[7,37]",[],"[-17,341]",[],2,icon_020020,[],"[0,400,0,400,680,0,0,560,0,400]","[[1,""B""],[3,""B""],[4,""S""],[7,""A""],[9,""B""]]","[0,4]",[],{},[],[],[],[],[],"""""",[],{},[],AVATAR_DEFAULT_HAIR_MEAN,
AV020021,AVATAR_PR_020021,pr020021,1,1,2,"[7,37]",[],"[-17,341]",[],2,icon_020021,[],"[320,0,560,0,0,400,400,0,400,0]","[[0,""C""],[2,""A""],[5,""B""],[6,""B""],[8,""B""]]","[0,4]",[],{},[],[],[],[],[],"""""",[],{},[],AVATAR_DEFAULT_HAIR_MEAN,
AV020022,AVATAR_PR_020022,pr020022,1,1,2,"[7,37]",[],"[-17,341]",[],2,icon_020022,[],"[560,0,560,0,0,400,800,0,0,680]","[[0,""A""],[2,""A""],[5,""B""],[6,""SS""],[9,""S""]]","[0,4]",[],{},[],[],[],[],[],"""""",[],{},[],AVATAR_DEFAULT_HAIR_MEAN,
AV020023,AVATAR_PR_020023,pr020023,1,1,2,"[7,37]",[],"[-17,341]",[],2,icon_020023,[],"[0,680,0,400,0,400,0,400,560,0]","[[1,""S""],[3,""B""],[5,""B""],[7,""B""],[8,""A""]]","[0,4]",[],{},[],[],[],[],[],"""""",[],{},[],AVATAR_DEFAULT_HAIR_MEAN,
AV020024,AVATAR_PR_020024,pr020024,1,1,2,"[7,37]",[],"[-17,341]",[],2,icon_020024,[],"[0,680,0,560,560,0,400,0,800,0]","[[1,""S""],[3,""A""],[4,""A""],[6,""B""],[8,""SS""]]","[0,4]",[],{},[],[],[],[],[],"""""",[],{},[],AVATAR_DEFAULT_HAIR_MEAN,
AV030001,AVATAR_PR_030001,pr030001,3,3,3,[30],[],"[-11,115]",[],1,icon_030001,[],"[0,100,0,200,0,300,0,400,0,500]","[[1, ""C""], [3, ""C""], [4, ""C""], [7, ""C""], [9,""C""]]","[8,0]",[],{},[],[],[],[],[],"""""",[],{},[],AVATAR_DEFAULT_HAIR_MEAN,
AV030002,AVATAR_PR_030002,pr030002,3,3,3,[30],[],"[-11,187]",[],3,icon_030002,[],"[400,0,680,0,320,0,400,0,680,0]","[[0, ""B""], [2, ""S""], [4, ""C""], [6, ""B""], [8,""S""]]","[1,7]",[],{},[],[],[],[],[],"""""",[],{},[],AVATAR_DEFAULT_HAIR_MEAN,
AV030003,AVATAR_PR_030003,pr030003,3,3,3,[30],[],"[-14,224]",[],2,icon_030003,[],"[560,0,320,0,320,0,560,0,0,400]","[[0, ""A""], [2, ""C""], [4, ""C""], [6, ""A""], [9,""B""]]","[1,7]",[],{},[],[],[],[],[],"""""",[],{},[],AVATAR_DEFAULT_HAIR_MEAN,
AV030004,AVATAR_PR_030004,pr030004,3,3,3,[30],[],"[-8,109]",[],3,icon_030004,[],"[0,400,0,400,0,680,400,0,0,560]","[[1, ""B""], [3, ""B""], [5, ""S""], [6, ""B""], [9,""A""]]","[1,7]",[],{},[],[],[],[],[],"""""",[],{},[],AVATAR_DEFAULT_HAIR_MEAN,
AV030005,AVATAR_PR_030005,pr030005,3,3,3,[30],[],"[-8,181]",[],2,icon_030005,[],"[400,320,0,320,0,0,320,0,680,0]","[[0, ""B""], [1, ""C""], [3, ""C""], [6, ""C""], [8,""S""]]","[8,0]",[],{"level":["MA02201"]},[],[],[],[],[],"""""",[],{"0":"AV030008"},[],AVATAR_DEFAULT_HAIR_MEAN,
AV030006,AVATAR_PR_030006,pr030006,3,3,3,"[8,17,30]",[],"[-17,-24]",[],1,icon_030006,[],"[0,560,560,0,560,0,0,800,680,0]","[[1,""A""],[2,""A""],[4,""A""],[7,""SS""],[8,""S""]]","[1,7]",[],{},[],[],[],[],[],"""""",[],{},[],AVATAR_DEFAULT_HAIR_MEAN,
AV030007,AVATAR_PR_030007,pr030007,3,3,3,"[8,30]",[],"[8,-87]",[],3,icon_030007,[],"[0,320,0,400,680,0,0,320,800,0]","[[1, ""C""], [3, ""B""], [4, ""S""], [7, ""C""], [8,""SS""]]","[8,4]",[],"{""workShop"":{""dressType"":3, ""id"":""AV030007"", ""type"":""CompoundItem""}}","[""currency"", ""IT0011"", ""count"", 2000]","[[""avatar"", ""AV040003"", ""count"", 2],[""avatar"", ""AV150002"", ""count"", 1],[""item"", ""IT0319"", ""count"", 4],[""item"", ""IT0332"", ""count"", 1]]","[""item"", ""IT1002"", ""count"", 1]",[],[],"""""",[],{},[],AVATAR_DEFAULT_HAIR_MEAN,
AV030008,AVATAR_PR_030008,pr030008,3,3,3,"[8,30]",[],"[8,-87]",[],2,icon_030008,[],"[0,680,320,0,0,400,0,320,0,560]","[[1, ""S""], [2, ""C""], [5, ""B""], [7, ""C""], [9,""A""]]","[1,9]",[],"{""workShop"":{""dressType"":3, ""id"":""AV030005"", ""type"":""EnchantForm"", ""EnchantId"":""AV030008""}}",[],[],[],[],[],"""""","[[""item"",""IT0308"",""count"", 2],[""item"",""IT0300"",""count"", 8]]",{},[],AVATAR_DEFAULT_HAIR_MEAN,
AV030009,AVATAR_PR_030009,pr030009,3,3,3,"[8,30]",[],"[8,-87]",[],2,icon_030009,[],"[560,0,400,0,0,800,0,560,0,680]","[[0,""A""],[2,""B""],[5,""SS""],[7,""A""],[9,""S""]]","[1,9]",[],{},[],[],[],[],[],"""""",[],{},[],AVATAR_DEFAULT_HAIR_MEAN,
AV030010,AVATAR_PR_030010,pr030010,3,3,3,"[8,30]",[],"[8,-87]",[],2,icon_030010,[],"[0,560,0,400,320,0,0,560,0,320]","[[1,""A""],[3,""B""],[4,""C""],[7,""A""],[9,""C""]]","[1,9]",[],{},[],[],[],[],[],"""""",[],{},[],AVATAR_DEFAULT_HAIR_MEAN,
AV030011,AVATAR_PR_030011,pr030011,3,3,3,"[8,30]",[],"[8,-87]",[],2,icon_030011,[],"[0,680,0,800,400,0,560,0,0,560]","[[1,""S""],[3,""SS""],[4,""B""],[6,""A""],[9,""A""]]","[1,9]",[],{},[],[],[],[],[],"""""",[],{},[],AVATAR_DEFAULT_HAIR_MEAN,
AV030012,AVATAR_PR_030012,pr030012,3,3,3,"[8,30]",[],"[8,-87]",[],2,icon_030012,[],"[0,680,320,0,560,0,0,560,0,680]","[[1,""S""],[2,""C""],[4,""A""],[7,""A""],[9,""S""]]","[1,9]",[],{},[],[],[],[],[],"""""",[],{},[],AVATAR_DEFAULT_HAIR_MEAN,
AV040001,AVATAR_PR_040001,pr040001,2,2,4,[27],"[5,6,30]","[-9,105]",[],4,icon_040001,[],"[3360,0,0,4800,2400,0,0,4080,3360,0]","[[0, ""A""], [3, ""SS""], [4, ""B""], [7, ""S""], [8,""A""]]","[1,8]",[],{"level":["MA00101"]},[],[],[],[],[],"""""",[],{},[],AVATAR_DEFAULT_HAIR_MEAN,
AV040002,AVATAR_PR_040002,pr040002,2,2,4,[27],"[5,6,30]","[-4,-95]",[],3,icon_040002,[],"[4080,0,2400,0,3360,0,0,1920,0,4080]","[[0, ""S""], [2, ""B""], [4, ""A""], [7, ""C""], [9,""S""]]","[0,9]",[],"{""workShop"":{""dressType"":2, ""id"":""AV040002"", ""type"":""CompoundItem""}}","[""currency"", ""IT0011"", ""count"", 2000]","[[""avatar"", ""AV040003"", ""count"", 2],[""avatar"", ""AV250001"", ""count"", 4],[""item"", ""IT0320"", ""count"", 4]]","[""item"", ""IT1008"", ""count"", 1]",[],[],"""""",[],{},[],AVATAR_DEFAULT_HAIR_MEAN,
AV040003,AVATAR_PR_040003,pr040003,2,2,4,[27],"[5,6,30]","[-11,130]",[],2,icon_040003,[],"[0,4080,1920,0,0,1920,0,1920,0,2400]","[[1, ""S""], [2, ""C""], [5, ""C""], [7, ""C""], [8,""B""]]","[1,9]",[],{"level":["MA00301"]},[],[],[],[],[],"""""",[],{},[],AVATAR_DEFAULT_HAIR_MEAN,
AV040004,AVATAR_PR_040004,pr040004,2,2,4,[27],"[5,6,30]","[10,121]",[],2,icon_040004,[],"[0,2400,0,2400,0,1920,2400,0,2400,0]","[[1, ""B""], [3, ""B""], [5, ""C""], [6, ""B""], [8,""B""]]","[3,8]",[],{"level":["MA00101"]},[],[],[],[],[],"""""",[],{},[],AVATAR_DEFAULT_HAIR_MEAN,
AV040005,AVATAR_PR_040005,pr040005,2,2,4,[27],"[5,6,30]","[-42,-104]",[],5,icon_040005,[],"[0,4080,4800,0,4080,0,3360,0,4800,0]","[[1, ""S""], [2, ""SS""], [4, ""S""], [6, ""A""], [8,""SS""]]","[1,8]",[],{},[],[],[],[],[],"""""",[],{},[],AVATAR_DEFAULT_HAIR_MEAN,
AV040006,AVATAR_PR_040006,pr040006,2,2,4,[27],"[5,6,30]","[2,138]",[],2,icon_040006,[],"[0,1920,2400,0,0,3360,1920,0,0,2400]","[[1, ""C""], [2, ""B""], [5, ""A""], [6, ""C""], [9,""B""]]","[5,9]",[],{"level":["MA01201"]},[],[],[],[],[],"""""",[],{"0":"AV040015"},[],AVATAR_DEFAULT_HAIR_MEAN,
AV040007,AVATAR_PR_040007,pr040007,2,2,4,[27],"[5,6,30]","[-3,110]",[],3,icon_040007,[],"[4080,0,2400,0,2400,0,0,2400,3360,0]","[[0, ""S""], [2, ""B""], [4, ""B""], [7, ""B""], [8,""A""]]","[1,8]",[],{},[],[],[],[],[],"""""",[],{},[],AVATAR_DEFAULT_HAIR_MEAN,
AV040008,AVATAR_PR_040008,pr040008,2,2,4,[27],"[5,6,30]","[-3,82]",[],2,icon_040008,[],"[0,4080,0,3360,1920,0,1920,0,0,2400]","[[1, ""S""], [3, ""A""], [4, ""C""], [6, ""C""], [9,""B""]]","[1,9]",[],"{""workShop"":{""dressType"":2, ""id"":""AV040008"", ""type"":""EvolutionLast""}}",[],[],[],"[""currency"", ""IT0011"", ""count"", 2000]","[""AV040016"",""AV040008""]","[""avatar"", ""AV040016"", ""count"", 5]",[],{},[],AVATAR_DEFAULT_HAIR_MEAN,
AV040009,AVATAR_PR_040009,pr040009,2,2,4,[27],"[5,6,30]","[-6,100]",[],3,icon_040009,[],"[1920,0,4080,0,0,2400,0,3360,3360,0]","[[0, ""C""], [2, ""S""], [5, ""B""], [7, ""A""], [8,""A""]]","[1,8]",[],{},[],[],[],[],[],"""""",[],{},[],AVATAR_DEFAULT_HAIR_MEAN,
AV040010,AVATAR_PR_040010,pr040010,2,2,4,[27],"[5,6,30]","[5,120]",[],2,icon_040010,[],"[2400,0,0,2400,3360,0,0,1920,2400,0]","[[0, ""B""], [3, ""B""], [4, ""A""], [7, ""C""], [8,""B""]]","[1,8]",[],{},[],[],[],[],[],"""""",[],{},[],AVATAR_DEFAULT_HAIR_MEAN,
AV040011,AVATAR_PR_040011,pr040011,2,2,4,[27],"[5,6,30]","[-5,130]",[],3,icon_040011,[],"[0,4080,3360,0,0,2400,0,2400,0,4080]","[[1, ""S""], [2, ""A""], [5, ""B""], [7, ""B""], [9,""S""]]","[1,8]",[],{},[],[],[],[],[],"""""",[],{},[],AVATAR_DEFAULT_HAIR_MEAN,
AV040012,AVATAR_PR_040012,pr040012,2,2,4,[27],"[5,6,30]","[-18,106]",[],3,icon_040012,[],"[3360,0,2400,0,0,4080,2400,0,2400,0]","[[0, ""A""], [2, ""A""], [5, ""S""], [6, ""B""], [8,""B""]]","[1,8]",[],{},[],[],[],[],[],"""""",[],{},[],AVATAR_DEFAULT_HAIR_MEAN,
AV040013,AVATAR_PR_040013,pr040013,2,2,4,[27],"[5,6,30]","[-10,99]",[],3,icon_040013,[],"[2400,0,0,4080,3360,0,2400,0,0,2400]","[[0, ""B""], [3, ""S""], [4, ""B""], [6, ""A""], [9,""B""]]","[3,6]",[],"{""workShop"":{""dressType"":2, ""id"":""AV040013"", ""type"":""CompoundItem""}}","[""currency"", ""IT0011"", ""count"", 2000]","[[""avatar"", ""AV040004"", ""count"", 2],[""item"", ""IT0316"", ""count"", 4],[""item"", ""IT0330"", ""count"", 1]]","[""item"", ""IT1001"", ""count"", 1]",[],[],"""""",[],{},[],AVATAR_DEFAULT_HAIR_MEAN,
AV040014,AVATAR_PR_040014,pr040014,2,2,4,[27],"[5,6,30]","[2,138]",[],4,icon_040014,[],"[0,4080,0,4080,0,2400,0,2400,0,48000]","[[1, ""S""], [3, ""S""], [4, ""B""], [7, ""B""], [9,""SS""]]","[9,0]",[],"{""workShop"":{""dressType"":2, ""id"":""AV040014"", ""type"":""CompoundItem""}}","[""currency"", ""IT0011"", ""count"", 4000]","[[""avatar"", ""AV040016"", ""count"", 5],[""avatar"", ""AV040004"", ""count"", 1],[""item"", ""IT0320"", ""count"", 5],[""item"", ""IT0326"", ""count"", 2]]","[""item"", ""IT1016"", ""count"", 1]",[],[],"""""",[],{},[],AVATAR_DEFAULT_HAIR_MEAN,
AV040015,AVATAR_PR_040015,pr040015,2,2,4,[27],"[5,6,30]","[10,121]",[],2,icon_040015,[],"[0,1920,0,3360,1920,0,0,2400,0,3360]","[[1, ""C""], [3, ""A""], [4, ""C""], [7, ""B""], [9,""A""]]","[3,9]",[],"{""workShop"":{""dressType"":2, ""id"":""AV040006"", ""type"":""EnchantForm"", ""EnchantId"":""AV040015""}}",[],[],[],[],[],"""""","[[""item"",""IT0302"",""count"", 5],[""item"",""IT0300"",""count"", 8]]",{},[],AVATAR_DEFAULT_HAIR_MEAN,
AV040016,AVATAR_PR_040016,pr040016,2,2,4,[27],"[5,6,30]","[10,121]",[],1,icon_040016,[],"[0,2400,1920,0,0,1920,1920,0,0,2400]","[[1, ""B""], [2, ""C""], [5, ""C""], [6, ""C""], [9,""B""]]","[1,9]",[],{},[],[],[],[],[],"""""",[],{},[],AVATAR_DEFAULT_HAIR_MEAN,
AV040017,AVATAR_PR_040017,pr040017,2,2,4,[27],"[5,6,30]","[10,121]",[],1,icon_040017,[],"[0,4800,2400,0,0,3360,3360,0,0,4080]","[[1,""SS""],[2,""B""],[5,""A""],[6,""A""],[9,""S""]]","[1,9]",[],{},[],[],[],[],[],"""""",[],{},[],AVATAR_DEFAULT_HAIR_MEAN,
AV040018,AVATAR_PR_040018,pr040018,2,2,4,[27],"[5,6,30]","[10,121]",[],1,icon_040018,[],"[3360,0,0,2400,0,4080,2400,0,0,3360]","[[0,""A""],[3,""B""],[5,""S""],[6,""B""],[9,""A""]]","[1,9]",[],{},[],[],[],[],[],"""""",[],{},[],AVATAR_DEFAULT_HAIR_MEAN,
AV040019,AVATAR_PR_040019,pr040019,2,2,4,[27],"[5,6,30]","[10,121]",[],1,icon_040019,[],"[0,2400,4080,0,3360,0,0,4080,2400,0]","[[1,""B""],[2,""S""],[4,""A""],[7,""S""],[8,""B""]]","[1,9]",[],{},[],[],[],[],[],"""""",[],{},[],AVATAR_DEFAULT_HAIR_MEAN,
AV040020,AVATAR_PR_040020,pr040020,2,2,4,[27],"[5,6,30]","[10,121]",[],1,icon_040020,[],"[0,3360,4800,0,3360,0,0,3360,4080,0]","[[1,""A""],[2,""SS""],[4,""A""],[7,""A""],[8,""S""]]","[1,9]",[],{},[],[],[],[],[],"""""",[],{},[],AVATAR_DEFAULT_HAIR_MEAN,
AV040021,AVATAR_PR_040021,pr040021,2,2,4,[27],"[5,6,30]","[10,121]",[],1,icon_040021,[],"[0,3360,0,2400,0,4080,4800,0,0,3360]","[[1,""A""],[3,""B""],[5,""S""],[6,""SS""],[9,""A""]]","[1,9]",[],{},[],[],[],[],[],"""""",[],{},[],AVATAR_DEFAULT_HAIR_MEAN,
AV040022,AVATAR_PR_040022,pr040022,2,2,4,[27],"[5,6,30]","[10,121]",[],1,icon_040022,[],"[4080,0,0,3360,3360,0,0,4080,4800,0]","[[0,""S""],[3,""A""],[4,""A""],[7,""S""],[8,""SS""]]","[1,9]",[],{},[],[],[],[],[],"""""",[],{},[],AVATAR_DEFAULT_HAIR_MEAN,
AV040023,AVATAR_PR_040023,pr040023,2,2,4,[27],"[5,6,30]","[10,121]",[],1,icon_040023,[],"[4080,0,3360,0,4080,0,2400,0,0,1920]","[[0,""S""],[2,""A""],[4,""S""],[6,""B""],[9,""C""]]","[1,9]",[],{},[],[],[],[],[],"""""",[],{},[],AVATAR_DEFAULT_HAIR_MEAN,
AV040024,AVATAR_PR_040024,pr040024,2,2,4,[27],"[5,6,30]","[10,121]",[],1,icon_040024,[],"[3360,0,0,3360,0,1920,0,2400,2400,0]","[[0,""A""],[3,""A""],[5,""C""],[7,""B""],[8,""B""]]","[1,9]",[],{},[],[],[],[],[],"""""",[],{},[],AVATAR_DEFAULT_HAIR_MEAN,
AV040025,AVATAR_PR_040025,pr040025,2,2,4,[27],"[5,6,30]","[10,121]",[],1,icon_040025,[],"[0,4080,0,2400,0,1920,4080,0,0,3360]","[[1,""S""],[3,""B""],[5,""C""],[6,""S""],[9,""A""]]","[1,9]",[],{},[],[],[],[],[],"""""",[],{},[],AVATAR_DEFAULT_HAIR_MEAN,
AV040026,AVATAR_PR_040026,pr040026,2,2,4,[27],"[5,6,30]","[10,121]",[],1,icon_040026,[],"[0,2400,4080,0,0,1920,4080,0,3360,0]","[[1,""B""],[2,""S""],[5,""C""],[6,""S""],[8,""A""]]","[1,9]",[],{},[],[],[],[],[],"""""",[],{},[],AVATAR_DEFAULT_HAIR_MEAN,
AV050001,AVATAR_PR_050001,pr050001,4,4,5,[27],[4],"[-18,206]",[],1,icon_050001,[],"[0,1200,960,0,0,960,960,0,1680,0]","[[1, ""B""], [2, ""C""], [5, ""C""], [6, ""C""], [8,""A""]]","[8,1]",[],{"level":["MA01301"]},[],[],[],[],[],"""""",[],{},[],AVATAR_DEFAULT_HAIR_MEAN,
AV050002,AVATAR_PR_050002,pr050002,4,4,5,[25],[4],"[-17,207]",[],2,icon_050002,[],"[960,0,1680,0,960,0,960,0,0,1680]","[[0, ""C""], [2, ""A""], [4, ""C""], [6, ""C""], [9,""A""]]","[2,9]",[],"{""workShop"":{""dressType"":4, ""id"":""AV050002"", ""type"":""CompoundItem""}}","[""currency"", ""IT0011"", ""count"", 1000]","[[""avatar"", ""AV050001"", ""count"", 3],[""avatar"", ""AV130001"", ""count"", 4],[""item"", ""IT0322"", ""count"", 3]]","[""item"", ""IT1009"", ""count"", 1]",[],[],"""""",[],{},[],AVATAR_DEFAULT_HAIR_MEAN,
AV050003,AVATAR_PR_050003,pr050003,4,4,5,"[25,13]",[4],"[-6,155]",[],1,icon_050003,[],"[0,100,0,200,0,300,0,400,0,500]","[[1, ""C""], [3, ""C""], [4, ""C""], [7, ""C""], [9,""C""]]","[0,8]",[],{},[],[],[],[],[],"""""",[],{},[],AVATAR_DEFAULT_HAIR_MEAN,
AV050004,AVATAR_PR_050004,pr050004,4,4,5,[25],[4],"[-10,170]",[],4,icon_050004,[],"[2400,0,0,1680,1200,0,2040,0,0,1680]","[[0, ""SS""], [3, ""A""], [4, ""B""], [6, ""S""], [9,""A""]]","[1,5]",[],{},[],[],[],[],[],"""""",[],{},[],AVATAR_DEFAULT_HAIR_MEAN,
AV050005,AVATAR_PR_050005,pr050005,4,4,5,[25],[4],"[-6,169]",[],3,icon_050005,[],"[0,1680,1200,0,0,1200,0,1200,2040,0]","[[1, ""A""], [2, ""B""], [5, ""B""], [7, ""B""], [8,""S""]]","[1,5]",[],{},[],[],[],[],[],"""""",[],{},[],AVATAR_DEFAULT_HAIR_MEAN,
AV050006,AVATAR_PR_050006,pr050006,4,4,5,[25],[4],"[-19,150]",[],3,icon_050006,[],"[2040,0,1200,0,0,1200,0,960,0,2040]","[[0, ""S""], [2, ""B""], [5, ""B""], [7, ""C""], [9,""S""]]","[1,5]",[],{},[],[],[],[],[],"""""",[],{},[],AVATAR_DEFAULT_HAIR_MEAN,
AV050007,AVATAR_PR_050007,pr050007,4,4,5,[25],[4],"[-20,187]",[],1,icon_050007,[],"[0,960,0,960,960,0,960,0,0,1200]","[[1, ""C""], [3, ""C""], [4, ""C""], [6, ""C""], [9,""B""]]","[9,3]",[],{"level":["MA02601"]},[],[],[],[],[],"""""",[],{"0":"AV050012"},[],AVATAR_DEFAULT_HAIR_MEAN,
AV050008,AVATAR_PR_050008,pr050008,4,4,5,[25],[4],"[-4,128]",[],3,icon_050008,[],"[2400,0,0,1200,960,0,1200,0,1680,0]","[[0, ""SS""], [3, ""B""], [4, ""C""], [6, ""B""], [8,""A""]]","[1,5]",[],{},[],[],[],[],[],"""""",[],{},[],AVATAR_DEFAULT_HAIR_MEAN,
AV050009,AVATAR_PR_050009,pr050009,4,4,5,[25],[4],"[-6,126]",[],3,icon_050009,[],"[2040,0,1200,0,1200,0,2040,0,0,960]","[[0, ""S""], [2, ""B""], [4, ""B""], [6, ""S""], [9,""C""]]","[0,6]",[],"{""workShop"":{""dressType"":4, ""id"":""AV050009"", ""type"":""EvolutionLast""}}",[],[],[],"[""currency"", ""IT0011"", ""count"", 2000]","[""AV050009"",""AV050011""]","[""avatar"", ""AV050011"", ""count"", 3]",[],{},[],AVATAR_DEFAULT_HAIR_MEAN,
AV050010,AVATAR_PR_050010,pr050010,4,4,5,"[13,25]",[4],"[-23,134]",[],1,icon_050010,[],"[2040,0,0,1680,0,1680,0,1680,2400,0]","[[0,""S""],[3,""A""],[5,""A""],[7,""A""],[8,""SS""]]","[1,5]",[],{},[],[],[],[],[],"""""",[],{},[],AVATAR_DEFAULT_HAIR_MEAN,
AV050011,AVATAR_PR_050011,pr050011,4,4,5,"[13,25]",[4],"[-18,206]",[],2,icon_050011,[],"[1200,0,960,0,0,960,1680,0,1200,0]","[[0, ""B""], [2, ""C""], [5, ""C""], [6, ""A""], [8,""C""]]","[0,6]",[],"{""workShop"":{""dressType"":4, ""id"":""AV050011"", ""type"":""CompoundItem""}}","[""currency"", ""IT0011"", ""count"", 1000]","[[""avatar"", ""AV050001"", ""count"", 3],[""item"", ""IT0321"", ""count"", 3],[""item"", ""IT0317"", ""count"", 4]]","[""item"", ""IT1004"", ""count"", 1]",[],[],"""""",[],{},[],AVATAR_DEFAULT_HAIR_MEAN,
AV050012,AVATAR_PR_050012,pr050012,4,4,5,"[13,25]",[4],"[-18,206]",[],2,icon_050012,[],"[960,0,0,1680,0,960,0,960,1680,0]","[[0, ""C""], [3, ""A""], [5, ""C""], [7, ""C""], [8,""A""]]","[3,8]",[],"{""workShop"":{""dressType"":4, ""id"":""AV050007"", ""type"":""EnchantForm"", ""EnchantId"":""AV050012""}}",[],[],[],[],[],"""""","[[""item"",""IT0302"",""count"", 4],[""item"",""IT0300"",""count"", 8]]",{},[],AVATAR_DEFAULT_HAIR_MEAN,
AV050013,AVATAR_PR_050013,pr050013,4,4,5,"[13,25]",[4],"[-18,206]",[],1,icon_050013,[],"[0,2040,0,1200,0,1200,0,2040,1680,0]","[[1,""S""],[3,""B""],[5,""B""],[7,""S""],[8,""A""]]","[1,5]",[],{},[],[],[],[],[],"""""",[],{},[],AVATAR_DEFAULT_HAIR_MEAN,
AV050014,AVATAR_PR_050014,pr050014,4,4,5,"[13,25]",[4],"[-18,206]",[],1,icon_050014,[],"[1680,0,1680,0,2040,0,1200,0,0,2040]","[[0,""A""],[2,""A""],[4,""S""],[6,""B""],[9,""S""]]","[1,5]",[],{},[],[],[],[],[],"""""",[],{},[],AVATAR_DEFAULT_HAIR_MEAN,
AV050015,AVATAR_PR_050015,pr050015,4,4,5,"[13,25]",[4],"[-18,206]",[],1,icon_050015,[],"[0,1200,2400,0,0,1680,0,1680,2040,0]","[[1,""B""],[2,""SS""],[5,""A""],[7,""A""],[8,""S""]]","[1,5]",[],{},[],[],[],[],[],"""""",[],{},[],AVATAR_DEFAULT_HAIR_MEAN,
AV050016,AVATAR_PR_050016,pr050016,4,4,5,"[13,25]",[4],"[-18,206]",[],1,icon_050016,[],"[1680,0,0,1200,0,1200,1200,0,2040,0]","[[0,""A""],[3,""B""],[5,""B""],[6,""B""],[8,""S""]]","[1,5]",[],{},[],[],[],[],[],"""""",[],{},[],AVATAR_DEFAULT_HAIR_MEAN,
AV060001,AVATAR_PR_060001,pr060001,5,5,6,[26],"[4,30]","[-4,57]",[],1,icon_060001,[],"[960,0,0,1200,0,960,0,960,0,960]","[[0, ""C""], [3, ""B""], [5, ""C""], [7, ""C""], [9,""C""]]","[3,0]",[],{"level":["MA01401"]},[],[],[],[],[],"""""",[],{},[],AVATAR_DEFAULT_HAIR_MEAN,
AV060002,AVATAR_PR_060002,pr060002,5,5,6,[26],"[4,30]","[8,32]",[],2,icon_060002,[],"[0,960,960,0,0,2040,960,0,1200,0]","[[1, ""C""], [2, ""C""], [5, ""S""], [6, ""C""], [8,""B""]]","[0,8]",[],"{""workShop"":{""dressType"":5, ""id"":""AV060002"", ""type"":""CompoundItem""}}","[""currency"", ""IT0011"", ""count"", 1000]","[[""avatar"", ""AV060001"", ""count"", 4],[""item"", ""IT0318"", ""count"", 6],[""item"", ""IT0319"", ""count"", 3]]","[""item"", ""IT1006"", ""count"", 1]",[],[],"""""",[],{"0":"AV060012"},[],AVATAR_DEFAULT_HAIR_MEAN,
AV060003,AVATAR_PR_060003,pr060003,5,5,6,[26],"[4,30]","[-1,20]",[],4,icon_060003,[],"[2040,0,0,1680,1680,0,2040,0,0,1680]","[[0, ""S""], [3, ""A""], [4, ""A""], [6, ""S""], [9,""A""]]","[9,5]",[],{},[],[],[],[],[],"""""",[],{},[],AVATAR_DEFAULT_HAIR_MEAN,
AV060004,AVATAR_PR_060004,pr060004,5,5,6,[26],"[4,30]","[4,28]",[],3,icon_060004,[],"[0,1200,0,1680,0,1200,1680,0,2040,0]","[[1, ""B""], [3, ""A""], [5, ""B""], [6, ""A""], [8,""S""]]","[1,7]",[],{},[],[],[],[],[],"""""",[],{},[],AVATAR_DEFAULT_HAIR_MEAN,
AV060005,AVATAR_PR_060005,pr060005,5,5,6,[26],"[4,30]","[-3,-112]",[],3,icon_060005,[],"[1680,0,1200,0,1200,0,0,1200,0,2400]","[[0, ""A""], [2, ""B""], [4, ""B""], [7, ""B""], [9,""SS""]]","[1,7]",[],{},[],[],[],[],[],"""""",[],{},[],AVATAR_DEFAULT_HAIR_MEAN,
AV060006,AVATAR_PR_060006,pr060006,5,5,6,[26],"[4,30]","[-3,6]",[],1,icon_060006,[],"[0,100,0,200,0,300,0,400,0,500]","[[1, ""C""], [3, ""C""], [4, ""C""], [7, ""C""], [9,""C""]]","[1,7]",[],{},[],[],[],[],[],"""""",[],{},[],AVATAR_DEFAULT_HAIR_MEAN,
AV060007,AVATAR_PR_060007,pr060007,5,5,6,[26],"[4,30]","[-5,47]",[],2,icon_060007,[],"[0,1680,960,0,0,960,1200,0,0,1200]","[[1, ""A""], [2, ""C""], [5, ""C""], [6, ""B""], [9,""B""]]","[1,7]",[],{},[],[],[],[],[],"""""",[],{},[],AVATAR_DEFAULT_HAIR_MEAN,
AV060008,AVATAR_PR_060008,pr060008,5,5,6,[26],"[4,30]","[-3,53]",[],3,icon_060008,[],"[1680,0,0,2040,0,1200,1200,0,1200,0]","[[0, ""A""], [3, ""S""], [5, ""B""], [6, ""B""], [8,""B""]]","[1,7]",[],{"level":["MA02401"]},[],[],[],[],[],"""""",[],{},[],AVATAR_DEFAULT_HAIR_MEAN,
AV060009,AVATAR_PR_060009,pr060009,5,5,6,[24],"[4,30]","[-3,-17]",[],3,icon_060009,[],"[2040,0,1200,0,2040,0,0,1200,0,1200]","[[0, ""S""], [2, ""B""], [4, ""S""], [7, ""B""], [9,""B""]]","[4,0]",[],"{""workShop"":{""dressType"":5, ""id"":""AV060011"", ""type"":""EnchantForm"", ""EnchantId"":""AV060009""}}",[],[],[],[],[],"""""","[[""item"",""IT0301"",""count"", 4],[""item"",""IT0300"",""count"", 8]]",{},[],AVATAR_DEFAULT_HAIR_MEAN,
AV060010,AVATAR_PR_060010,pr060010,5,5,6,[24],"[4,30]","[-4,38]",[],1,icon_060010,[],"[0,960,1680,0,1680,0,0,2040,0,2040]","[[1,""C""],[2,""A""],[4,""A""],[7,""S""],[9,""S""]]","[1,7]",[],{},[],[],[],[],[],"""""",[],{},[],AVATAR_DEFAULT_HAIR_MEAN,
AV060011,AVATAR_PR_060011,pr060011,5,5,6,[24],"[4,30]","[-4,57]",[],3,icon_060011,[],"[0,2040,1680,0,0,1200,0,1200,0,2040]","[[1, ""S""], [2, ""A""], [5, ""B""], [7, ""B""], [9,""S""]]","[9,1]",[],"{""workShop"":{""dressType"":5, ""id"":""AV060011"", ""type"":""CompoundItem""}}","[""currency"", ""IT0011"", ""count"", 2000]","[[""avatar"", ""AV040006"", ""count"", 1],[""item"", ""IT0318"", ""count"", 6],[""item"", ""IT0319"", ""count"", 3],[""item"", ""IT0332"", ""count"", 3]]","[""item"", ""IT1003"", ""count"", 1]",[],[],"""""",[],{"0":"AV060009"},[],AVATAR_DEFAULT_HAIR_MEAN,
AV060012,AVATAR_PR_060012,pr060012,5,5,6,[24],"[4,30]","[-4,57]",[],3,icon_060012,[],"[0,1680,0,960,1680,0,2400,0,1200,0]","[[1, ""A""], [3, ""C""], [4, ""A""], [6, ""SS""], [8,""B""]]","[6,1]",[],"{""workShop"":{""dressType"":5, ""id"":""AV060002"", ""type"":""EnchantForm"", ""EnchantId"":""AV060012""}}",[],[],[],[],[],"""""","[[""item"",""IT0309"",""count"", 3],[""item"",""IT0300"",""count"", 16]]",{},[],AVATAR_DEFAULT_HAIR_MEAN,
AV060013,AVATAR_PR_060013,pr060013,5,5,6,[24],"[4,30]","[-4,57]",[],3,icon_060013,[],"[0,2040,0,1200,1200,0,1680,0,0,1680]","[[1,""S""],[3,""B""],[4,""B""],[6,""A""],[9,""A""]]","[6,1]",[],{},[],[],[],[],[],"""""","[[""item"",""IT0309"",""count"", 3],[""item"",""IT0300"",""count"", 16]]",{},[],AVATAR_DEFAULT_HAIR_MEAN,
AV060014,AVATAR_PR_060014,pr060014,5,5,6,[24],"[4,30]","[-4,57]",[],3,icon_060014,[],"[0,1680,2040,0,1680,0,2040,0,1680,0]","[[1,""A""],[2,""S""],[4,""A""],[6,""S""],[8,""A""]]","[6,1]",[],{},[],[],[],[],[],"""""","[[""item"",""IT0309"",""count"", 3],[""item"",""IT0300"",""count"", 16]]",{},[],AVATAR_DEFAULT_HAIR_MEAN,
AV060015,AVATAR_PR_060015,pr060015,5,5,6,[24],"[4,30]","[-4,57]",[],3,icon_060015,[],"[1680,0,1680,0,0,2040,0,1680,0,1200]","[[0,""A""],[2,""A""],[5,""S""],[7,""A""],[9,""B""]]","[6,1]",[],{},[],[],[],[],[],"""""","[[""item"",""IT0309"",""count"", 3],[""item"",""IT0300"",""count"", 16]]",{},[],AVATAR_DEFAULT_HAIR_MEAN,
AV060016,AVATAR_PR_060016,pr060016,5,5,6,[24],"[4,30]","[-4,57]",[],3,icon_060016,[],"[2040,0,2040,0,1680,0,1200,0,1680,0]","[[0,""S""],[2,""S""],[4,""A""],[6,""B""],[8,""A""]]","[6,1]",[],{},[],[],[],[],[],"""""","[[""item"",""IT0309"",""count"", 3],[""item"",""IT0300"",""count"", 16]]",{},[],AVATAR_DEFAULT_HAIR_MEAN,
AV080001,AVATAR_PR_080001,pr080001,12,8,8,[36],[],"[-47,320]",[],3,icon_080001,[],"[0,350,0,350,0,250,0,425,350,0]","[[1, ""A""], [3, ""A""], [5, ""B""], [7, ""S""], [8,""A""]]","[7,5]",[],{"level":["MA01101"]},[],[],[],[],[],"""""",[],{},[],AVATAR_DEFAULT_HAIR_MEAN,
AV080002,AVATAR_PR_080002,pr080002,12,8,8,[36],[],"[-15,338]",[],5,icon_080002,[],"[350,0,500,0,425,0,500,0,0,425]","[[0, ""A""], [2, ""SS""], [4, ""S""], [6, ""SS""], [9,""S""]]","[1,7]",[],{},[],[],[],[],[],"""""",[],{},[],AVATAR_DEFAULT_HAIR_MEAN,
AV080003,AVATAR_PR_080003,pr080003,12,8,8,[36],[],"[-55,333]",[],4,icon_080002,[],"[425,0,350,0,425,0,0,350,0,350]","[[0, ""S""], [2, ""A""], [4, ""S""], [7, ""A""], [9,""A""]]","[1,7]",[],{},[],[],[],[],[],"""""",[],{},[],AVATAR_DEFAULT_HAIR_MEAN,
AV100001,AVATAR_PR_100001,pr100001,13,8,10,[28],[],"[-20,303]",[],2,icon_100001,[],"[350,0,0,350,200,0,200,0,200,0]","[[0, ""A""], [3, ""A""], [4, ""C""], [6, ""C""], [8,""C""]]","[3,0]",[],"{""workShop"":{""dressType"":8, ""id"":""AV100001"", ""type"":""EvolutionLast""}}",[],[],[],"[""currency"", ""IT0011"", ""count"", 1000]","[""AV100001"",""AV100011""]","[""avatar"", ""AV100011"", ""count"", 10]",[],{},[],AVATAR_DEFAULT_HAIR_MEAN,
AV100002,AVATAR_PR_100002,pr100002,13,8,10,[28],[],"[-5,244]",[],4,icon_100002,[],"[0,425,350,0,0,250,0,350,500,0]","[[1, ""S""], [2, ""A""], [5, ""B""], [7, ""A""], [8,""SS""]]","[0,1]",[],{},[],[],[],[],[],"""""",[],{},[],AVATAR_DEFAULT_HAIR_MEAN,
AV100003,AVATAR_PR_100003,pr100003,13,8,10,[28],[],"[-17,288]",[],1,icon_100003,[],"[0,100,0,200,0,300,0,400,0,500]","[[1, ""C""], [3, ""C""], [4, ""C""], [7, ""C""], [9,""C""]]","[0,1]",[],{},[],[],[],[],[],"""""",[],{},[],AVATAR_DEFAULT_HAIR_MEAN,
AV100004,AVATAR_PR_100004,pr100004,13,8,10,[28],[],"[-16,282]",[],5,icon_100004,[],"[0,500,350,0,0,425,0,425,0,500]","[[1, ""SS""], [2, ""A""], [5, ""S""], [7, ""S""], [9,""SS""]]","[2,5]",[],{},[],[],[],[],[],"""""",[],{},[],AVATAR_DEFAULT_HAIR_MEAN,
AV100005,AVATAR_PR_100005,pr100005,13,8,10,[28],[],"[-19,303]",[],3,icon_100005,[],"[425,0,0,350,250,0,0,250,350,0]","[[0, ""S""], [3, ""A""], [4, ""B""], [7, ""B""], [8,""A""]]","[0,1]",[],{},[],[],[],[],[],"""""",[],{},[],AVATAR_DEFAULT_HAIR_MEAN,
AV100006,AVATAR_PR_100006,pr100006,13,8,10,[28],[],"[-1,222]",[],2,icon_100006,[],"[0,200,200,0,350,0,250,0,0,250]","[[1, ""C""], [2, ""C""], [4, ""A""], [6, ""B""], [9,""B""]]","[9,4]",[],"{""workShop"":{""dressType"":8, ""id"":""AV100010"", ""type"":""EnchantForm"", ""EnchantId"":""AV100006""}}",[],[],[],[],[],"""""","[[""item"",""IT0301"",""count"", 4],[""item"",""IT0300"",""count"", 8]]",{},[],AVATAR_DEFAULT_HAIR_MEAN,
AV100007,AVATAR_PR_100007,pr100007,13,8,10,[28],[],"[-14,292]",[],1,icon_100007,[],"[0,250,350,0,0,350,0,250,425,0]","[[1,""B""],[2,""A""],[5,""A""],[7,""B""],[8,""S""]]","[0,1]",[],{},[],[],[],[],[],"""""",[],{},[],AVATAR_DEFAULT_HAIR_MEAN,
AV100008,AVATAR_PR_100008,pr100008,13,8,10,[28],[],"[-14,278]",[],2,icon_100008,[],"[200,0,200,0,0,350,0,200,0,500]","[[0, ""C""], [2, ""C""], [5, ""A""], [7, ""C""], [9,""SS""]]","[5,9]",[],"{""workShop"":{""dressType"":8, ""id"":""AV100012"", ""type"":""EnchantForm"", ""EnchantId"":""AV100008""}}",[],[],[],[],[],"""""","[[""item"",""IT0301"",""count"", 4],[""item"",""IT0300"",""count"", 8]]",{},[],AVATAR_DEFAULT_HAIR_MEAN,
AV100009,AVATAR_PR_100009,pr100009,13,8,9,[31],[],"[-10,170]",[],2,icon_100009,[],"[0,350,0,200,0,200,0,200,350,0]","[[1, ""A""], [3, ""C""], [5, ""C""], [7, ""C""], [8,""A""]]","[1,8]",[],{"level":["MA00201"]},[],[],[],[],[],"""""",[],{},[],AVATAR_DEFAULT_HAIR_MEAN,
AV100010,AVATAR_PR_100010,pr100010,13,8,9,[31],[],"[-1,222]",[],2,icon_100010,[],"[200,0,0,350,200,0,350,0,0,200]","[[0, ""C""], [3, ""A""], [4, ""C""], [6, ""A""], [9,""C""]]","[3,9]",[],{"level":["MA01101"]},[],[],[],[],[],"""""",[],{"1":"AV100006"},[],AVATAR_DEFAULT_HAIR_MEAN,
AV100011,AVATAR_PR_100011,pr100011,13,8,9,[31],[],"[-1,222]",[],1,icon_100011,[],"[200,0,0,200,0,200,200,0,200,0]","[[0, ""C""], [3, ""C""], [5, ""C""], [6, ""C""], [8,""C""]]","[3,0]",[],{"level":["MA02401"]},[],[],[],[],[],"""""",[],{},[],AVATAR_DEFAULT_HAIR_MEAN,
AV100012,AVATAR_PR_100012,pr100012,13,8,9,[31],[],"[-1,222]",[],2,icon_100012,[],"[0,250,0,425,200,0,0,200,0,350]","[[1, ""B""], [2, ""C""], [4, ""S""], [7, ""C""], [9,""A""]]","[3,9]",[],{"level":["MA02501"]},[],[],[],[],[],"""""",[],{"1":"AV100008"},[],AVATAR_DEFAULT_HAIR_MEAN,
AV100013,AVATAR_PR_100013,pr100013,13,8,9,[31],[],"[-1,222]",[],2,icon_100013,[],"[425,0,0,250,250,0,350,0,350,0]","[[0,""S""],[3,""B""],[4,""B""],[6,""A""],[8,""A""]]","[3,9]",[],{},[],[],[],[],[],"""""",[],{"1":"AV100008"},[],AVATAR_DEFAULT_HAIR_MEAN,
AV100014,AVATAR_PR_100014,pr100014,13,8,9,[31],[],"[-1,222]",[],2,icon_100014,[],"[0,250,0,425,0,250,200,0,0,250]","[[1,""B""],[3,""S""],[5,""B""],[6,""C""],[9,""B""]]","[3,9]",[],{},[],[],[],[],[],"""""",[],{"1":"AV100008"},[],AVATAR_DEFAULT_HAIR_MEAN,
AV100015,AVATAR_PR_100015,pr100015,13,8,9,[31],[],"[-1,222]",[],2,icon_100015,[],"[350,0,250,0,350,0,200,0,200,0]","[[0,""A""],[2,""B""],[4,""A""],[6,""C""],[8,""C""]]","[3,9]",[],{},[],[],[],[],[],"""""",[],{"1":"AV100008"},[],AVATAR_DEFAULT_HAIR_MEAN,
AV130001,AVATAR_PR_130001,pr130001,15,8,13,[16],[],"[-140,34]",[],1,icon_130001,[],"[250,0,200,0,0,200,0,200,0,200]","[[0, ""B""], [2, ""C""], [5, ""C""], [7, ""C""], [9,""C""]]","[0,7]",[],{"level":["MA02201"]},[],[],[],[],[],"""""",[],{},[],AVATAR_DEFAULT_HAIR_MEAN,
AV130003,AVATAR_PR_130003,pr130003,15,8,13,[16],[],"[-140,34]",[],1,icon_130003,[],"[0,250,200,0,250,0,350,0,0,350]","[[1, ""B""], [2, ""C""], [4, ""B""], [6, ""A""], [9,""A""]]","[9,6]",[],"{""workShop"":{""dressType"":8, ""id"":""AV130003"", ""type"":""CompoundItem""}}","[""currency"", ""IT0011"", ""count"", 1000]","[[""avatar"", ""AV130001"", ""count"", 6],[""item"", ""IT0320"", ""count"", 6],[""item"", ""IT0330"", ""count"", 5]]","[""item"", ""IT1011"", ""count"", 1]",[],[],"""""",[],{},[],AVATAR_DEFAULT_HAIR_MEAN,
AV140001,AVATAR_PR_140001,pr140001,15,8,14,[23],[],"[134,65]",[],1,icon_140001,[],"[0,100,0,200,0,300,0,400,0,500]","[[1, ""C""], [3, ""C""], [4, ""C""], [7, ""C""], [9,""C""]]","[9,7]",[],{},[],[],[],[],[],"""""",[],{},[],AVATAR_DEFAULT_HAIR_MEAN,
AV140003,AVATAR_PR_140003,pr140003,15,8,14,[23],[],"[134,65]",[],3,icon_140003,[],"[0,250,0,250,0,250,425,0,0,350]","[[1, ""B""], [3, ""B""], [5, ""B""], [6, ""S""], [9,""A""]]","[9,6]",[],"{""workShop"":{""dressType"":8, ""id"":""AV140003"", ""type"":""CompoundItem""}}","[""currency"", ""IT0011"", ""count"", 2000]","[[""avatar"", ""AV150002"", ""count"", 3],[""item"", ""IT0320"", ""count"", 4],[""item"", ""IT0326"", ""count"", 2]]","[""item"", ""IT1012"", ""count"", 1]",[],[],"""""",[],{},[],AVATAR_DEFAULT_HAIR_MEAN,
AV150001,AVATAR_PR_150001,pr150001,15,8,15,[18],[],"[0,103]",[],1,icon_150001,[],"[425,0,0,350,0,250,250,0,350,0]","[[0,""S""],[3,""A""],[5,""B""],[6,""B""],[8,""A""]]","[0,1]",[],{},[],[],[],[],[],"""""",[],{},[],AVATAR_DEFAULT_HAIR_MEAN,
AV150002,AVATAR_PR_150002,pr150002,15,8,15,[18],[],"[0,23]",[],2,icon_150002,[],"[0,250,0,350,0,250,200,0,200,0]","[[1, ""B""], [3, ""A""], [5, ""B""], [6, ""C""], [8,""C""]]","[3,1]",[],{"level":["MA00401"]},[],[],[],[],[],"""""",[],{},[],AVATAR_DEFAULT_HAIR_MEAN,
AV150003,AVATAR_PR_150003,pr150003,15,8,15,[18],[],"[-4,25]",[],2,icon_150003,[],"[200,0,200,0,0,350,0,200,350,0]","[[0, ""C""], [2, ""C""], [5, ""A""], [7, ""C""], [8,""A""]]","[0,1]",[],{},[],[],[],[],[],"""""",[],{},[],AVATAR_DEFAULT_HAIR_MEAN,
AV150004,AVATAR_PR_150004,pr150004,15,8,15,[18],[],"[-6,39]",[],1,icon_150004,[],"[0,100,0,200,0,300,0,400,0,500]","[[1, ""C""], [3, ""C""], [4, ""C""], [7, ""C""], [9,""C""]]","[0,1]",[],{},[],[],[],[],[],"""""",[],{},[],AVATAR_DEFAULT_HAIR_MEAN,
AV150005,AVATAR_PR_150005,pr150005,15,8,15,[18],[],"[-3,58]",[],1,icon_150005,[],"[0,100,0,200,0,300,0,400,0,500]","[[1, ""C""], [3, ""C""], [4, ""C""], [7, ""C""], [9,""C""]]","[0,1]",[],{},[],[],[],[],[],"""""",[],{},[],AVATAR_DEFAULT_HAIR_MEAN,
AV150006,AVATAR_PR_150006,pr150006,15,8,15,[18],[],"[-3,58]",[],2,icon_150006,[],"[350,0,0,250,0,250,0,200,350,0]","[[0, ""A""], [3, ""B""], [5, ""B""], [7, ""C""], [8,""A""]]","[0,1]",[],{},[],[],[],[],[],"""""",[],{},[],AVATAR_DEFAULT_HAIR_MEAN,
AV150007,AVATAR_PR_150007,pr150007,15,8,15,[18],[],"[-3,58]",[],2,icon_150007,[],"[0,425,250,0,250,0,0,350,0,350]","[[1,""S""],[2,""B""],[4,""B""],[7,""A""],[9,""A""]]","[0,1]",[],{},[],[],[],[],[],"""""",[],{},[],AVATAR_DEFAULT_HAIR_MEAN,
AV150008,AVATAR_PR_150008,pr150008,15,8,15,[18],[],"[-3,58]",[],2,icon_150008,[],"[200,0,0,250,0,200,0,350,250,0]","[[0,""C""],[3,""B""],[5,""C""],[7,""A""],[8,""B""]]","[0,1]",[],{},[],[],[],[],[],"""""",[],{},[],AVATAR_DEFAULT_HAIR_MEAN,
AV150009,AVATAR_PR_150009,pr150009,15,8,15,[18],[],"[-3,58]",[],2,icon_150009,[],"[350,0,350,0,250,0,350,0,0,250]","[[0,""A""],[2,""A""],[4,""B""],[6,""A""],[9,""B""]]","[0,1]",[],{},[],[],[],[],[],"""""",[],{},[],AVATAR_DEFAULT_HAIR_MEAN,
AV150010,AVATAR_PR_150010,pr150010,15,8,15,[18],[],"[-3,58]",[],2,icon_150010,[],"[0,425,0,250,0,250,250,0,350,0]","[[1,""S""],[3,""B""],[5,""B""],[6,""B""],[8,""A""]]","[0,1]",[],{},[],[],[],[],[],"""""",[],{},[],AVATAR_DEFAULT_HAIR_MEAN,
AV150011,AVATAR_PR_150011,pr150011,15,8,15,[18],[],"[-3,58]",[],2,icon_150011,[],"[350,0,250,0,350,0,0,250,350,0]","[[0,""A""],[2,""B""],[4,""A""],[7,""B""],[8,""A""]]","[0,1]",[],{},[],[],[],[],[],"""""",[],{},[],AVATAR_DEFAULT_HAIR_MEAN,
AV170001,AVATAR_PR_170001,pr170001,16,8,17,[15],[14],"[150,149]",[],4,icon_170001,[],"[350,0,0,425,0,350,0,425,350,0]","[[0, ""A""], [3, ""S""], [5, ""A""], [7, ""S""], [8,""A""]]","[1,4]",[],{},[],[],[],[],[],"""""",[],{},[],AVATAR_DEFAULT_HAIR_MEAN,
AV170002,AVATAR_PR_170002,pr170002,16,8,17,[15],[14],"[164,57]",[],3,icon_170002,[],"[0,200,0,425,0,250,250,0,425,0]","[[1, ""C""], [3, ""S""], [5, ""B""], [6, ""B""], [8,""S""]]","[3,0]",[],"{""workShop"":{""dressType"":8, ""id"":""AV170002"", ""type"":""CompoundItem""}}","[""currency"", ""IT0011"", ""count"", 2000]","[[""avatar"", ""AV170001"", ""count"", 1],[""item"", ""IT0329"", ""count"", 2],[""item"", ""IT0331"", ""count"", 10]]","[""item"", ""IT1015"", ""count"", 1]",[],[],"""""",[],{},[],AVATAR_DEFAULT_HAIR_MEAN,
AV170003,AVATAR_PR_170003,pr170003,16,8,17,[15],[14],"[165,47]",[],1,icon_170003,[],"[0,100,0,200,0,300,0,400,0,500]","[[1, ""C""], [3, ""C""], [4, ""C""], [7, ""C""], [9,""C""]]","[1,5]",[],{},[],[],[],[],[],"""""",[],{},[],AVATAR_DEFAULT_HAIR_MEAN,
AV170004,AVATAR_PR_170004,pr170004,16,8,17,"[15,15]",[14],"[53,28]",[],1,icon_170004,[],"[0,350,0,350,350,0,0,425,425,0]","[[1,""A""],[3,""A""],[4,""A""],[7,""S""],[8,""S""]]","[1,5]",[],{},[],[],[],[],[],"""""",[],{},[],AVATAR_DEFAULT_HAIR_MEAN,
AV180001,AVATAR_PR_180001,pr180001,16,8,18,[31],[14],"[-135,14]",[],1,icon_180001,[],"[200,0,0,250,0,0,200,200,0,200]","[[0, ""C""], [3, ""B""], [6, ""C""], [7, ""C""], [9,""C""]]","[9,3]",[],{"level":["MA01101"]},[],[],[],[],[],"""""",[],{"0":"AV180006"},[],AVATAR_DEFAULT_HAIR_MEAN,
AV180002,AVATAR_PR_180002,pr180002,16,8,18,[31],[14],"[-140,99]",[],2,icon_180002,[],"[0,200,200,0,350,0,250,0,250,0]","[[1, ""C""], [2, ""C""], [4, ""A""], [6, ""B""], [8,""B""]]","[4,8]",[],{"level":["MA01401"]},[],[],[],[],[],"""""",[],{},[],AVATAR_DEFAULT_HAIR_MEAN,
AV180003,AVATAR_PR_180003,pr180003,16,8,18,[31],[14],"[-114,-32]",[],4,icon_180004,[],"[350,0,350,0,350,0,0,350,500,0]","[[0, ""A""], [2, ""A""], [4, ""A""], [7, ""A""], [8,""SS""]]","[8,1]",[],{"level":["MA02501"]},[],[],[],[],[],"""""",[],{},[],AVATAR_DEFAULT_HAIR_MEAN,
AV180004,AVATAR_PR_180004,pr180004,16,8,18,[31],[14],"[-63,-64]",[],3,icon_180004,[],"[250,0,250,0,0,350,425,0,0,250]","[[0, ""B""], [2, ""B""], [5, ""A""], [6, ""S""], [9,""B""]]","[1,5]",[],{},[],[],[],[],[],"""""",[],{},[],AVATAR_DEFAULT_HAIR_MEAN,
AV180005,AVATAR_PR_180005,pr180005,16,8,18,[31],[14],"[-149,-18]",[],2,icon_180005,[],"[0,425,0,200,200,0,250,0,350,0]","[[1, ""S""], [3, ""C""], [4, ""C""], [6, ""B""], [8,""A""]]","[1,5]",[],{},[],[],[],[],[],"""""",[],{},[],AVATAR_DEFAULT_HAIR_MEAN,
AV180006,AVATAR_PR_180006,pr180006,16,8,18,[31],[14],"[-135,14]",[],1,icon_180006,[],"[0,250,200,0,200,0,200,0,0,250]","[[1, ""B""], [2, ""C""], [4, ""C""], [6, ""C""], [9,""B""]]","[1,9]",[],"{""workShop"":{""dressType"":8, ""id"":""AV180001"", ""type"":""EnchantForm"", ""EnchantId"":""AV180006""}}",[],[],[],[],[],"""""","[[""item"",""IT0303"",""count"", 5],[""item"",""IT0300"",""count"", 8]]",{},[],AVATAR_DEFAULT_HAIR_MEAN,
AV210001,AVATAR_WITCH_TAIL,pr210001,18,8,21,[3],[],"[-36,-95]",[],4,icon_210001,[],"[0,100,0,200,0,300,0,400,0,500]","[[1, ""C""], [3, ""C""], [4, ""C""], [7, ""C""], [9,""C""]]","[1,6]",[],{},[],[],[],[],[],"""""",[],{},[],AVATAR_DEFAULT_HAIR_MEAN,
AV240001,AVATAR_PR_240001,pr240001,6,6,24,[20],[],"[-5,-383]",[],1,icon_240001,[],"[100,0,200,0,300,0,400,0,500,0]","[[1, ""C""], [3, ""C""], [4, ""C""], [7, ""C""], [9,""C""]]","[9,1]",[],{},[],[],[],[],[],"""""",[],{},[],AVATAR_DEFAULT_HAIR_MEAN,
AV240002,AVATAR_PR_240002,pr240002,6,6,24,[20],[],"[-5,-363]",[],2,icon_240002,[],"[0,280,280,0,0,595,350,0,0,350]","[[1, ""C""], [2, ""C""], [5, ""S""], [6, ""B""], [9,""B""]]","[5,9]",[],{"level":["MA02301"]},[],[],[],[],[],"""""",[],"{""1"":""AV240010"",  ""2"":""AV240011""}",[],AVATAR_DEFAULT_HAIR_MEAN,
AV240003,AVATAR_PR_240003,pr240003,6,6,24,[20],[],"[-5,-319]",[],4,icon_240003,[],"[490,0,595,0,490,0,490,0,595,0]","[[0, ""A""], [2, ""S""], [4, ""A""], [6, ""A""], [8,""S""]]","[1,7]",[],{},[],[],[],[],[],"""""",[],{},[],AVATAR_DEFAULT_HAIR_MEAN,
AV240004,AVATAR_PR_240004,pr240004,6,6,24,[20],[],"[9,-263]",[],1,icon_240004,[],"[0,595,490,0,0,490,350,0,0,595]","[[1,""S""],[2,""A""],[5,""A""],[6,""B""],[9,""S""]]","[1,7]",[],{},[],[],[],[],[],"""""",[],{},[],AVATAR_DEFAULT_HAIR_MEAN,
AV240005,AVATAR_PR_240005,pr240005,6,6,24,[20],[],"[-5,-265]",[],3,icon_240005,[],"[490,0,0,350,350,0,0,350,595,0]","[[0, ""A""], [3, ""B""], [4, ""B""], [7, ""B""], [8,""S""]]","[1,7]",[],{},[],[],[],[],[],"""""",[],{},[],AVATAR_DEFAULT_HAIR_MEAN,
AV240006,AVATAR_PR_240006,pr240006,6,6,24,[20],[],"[-5,-200]",[],4,icon_240006,[],"[0,490,0,595,490,0,0,595,0,490]","[[1, ""A""], [3, ""S""], [4, ""A""], [7, ""S""], [9,""A""]]","[1,7]",[],{},[],[],[],[],[],"""""",[],{},[],AVATAR_DEFAULT_HAIR_MEAN,
AV240007,AVATAR_PR_240007,pr240007,6,6,24,[20],[],"[10,-167]",[],2,icon_240007,[],"[350,0,280,0,280,595,0,0,0,280]","[[0, ""B""], [2, ""C""], [4, ""C""], [5, ""S""], [9,""C""]]","[0,5]",[],"{""workShop"":{""dressType"":6, ""id"":""AV240007"", ""type"":""EvolutionLast""}}",[],[],[],"[""currency"", ""IT0011"", ""count"", 1000]","[""AV240007"",""AV240009""]","[""avatar"", ""AV240009"", ""count"", 4]",[],{},[],AVATAR_DEFAULT_HAIR_MEAN,
AV240008,AVATAR_PR_240008,pr240008,6,6,24,[20],[],"[-4,-309]",[],1,icon_240008,[],"[0,280,0,280,0,350,280,0,350,0]","[[1, ""C""], [3, ""C""], [5, ""B""], [6, ""C""], [8,""B""]]","[8,4]",[],{"level":["MA00401"]},[],[],[],[],[],"""""",[],{},[],AVATAR_DEFAULT_HAIR_MEAN,
AV240009,AVATAR_PR_240009,pr240009,6,6,24,[20],[],"[10,-167]",[],1,icon_240009,[],"[280,0,280,0,280,350,0,0,0,280]","[[0, ""C""], [2, ""C""], [4, ""C""], [5, ""B""], [9,""C""]]","[0,5]",[],{"level":["MA01501"]},[],[],[],[],[],"""""",[],{},[],AVATAR_DEFAULT_HAIR_MEAN,
AV240010,AVATAR_PR_240010,pr240010,6,6,24,[20],[],"[10,-167]",[],2,icon_240010,[],"[0,350,0,280,0,350,280,0,490,0]","[[1, ""B""], [3, ""C""], [5, ""B""], [6, ""C""], [8,""A""]]","[1,8]",[],"{""workShop"":{""dressType"":6, ""id"":""AV240002"", ""type"":""EnchantForm"", ""EnchantId"":""AV240010""}}",[],[],[],[],[],"""""","[[""item"",""IT0303"",""count"", 4],[""item"",""IT0300"",""count"", 8]]",{},[],AVATAR_DEFAULT_HAIR_MEAN,
AV240011,AVATAR_PR_240011,pr240011,6,6,24,[20],[],"[10,-167]",[],3,icon_240011,[],"[350,0,0,490,0,490,0,280,595,0]","[[0, ""B""], [3, ""A""], [5, ""A""], [7, ""C""], [8,""S""]]","[3,8]",[],"{""workShop"":{""dressType"":6, ""id"":""AV240002"", ""type"":""EnchantForm"", ""EnchantId"":""AV240011""}}",[],[],[],[],[],"""""","[[""item"",""IT0302"",""count"", 8],[""item"",""IT0300"",""count"", 16]]",{},[],AVATAR_DEFAULT_HAIR_MEAN,
AV240012,AVATAR_PR_240012,pr240012,6,6,24,[20],[],"[10,-167]",[],2,icon_240011,[],"[0,490,280,0,350,0,280,0,0,350]","[[1, ""A""], [2, ""C""], [4, ""B""], [6, ""C""], [9,""B""]]","[3,8]",[],{},[],[],[],[],[],"""""",[],{},[],AVATAR_DEFAULT_HAIR_MEAN,
AV240013,AVATAR_PR_240013,pr240013,6,6,24,[20],[],"[10,-167]",[],2,icon_240013,[],"[0,595,0,350,350,0,0,595,490,0]","[[1,""S""],[3,""B""],[4,""B""],[7,""S""],[8,""A""]]","[3,8]",[],{},[],[],[],[],[],"""""",[],{},[],AVATAR_DEFAULT_HAIR_MEAN,
AV240014,AVATAR_PR_240014,pr240014,6,6,24,[20],[],"[10,-167]",[],2,icon_240014,[],"[490,0,595,0,0,490,595,0,350,0]","[[0,""A""],[2,""S""],[5,""A""],[6,""S""],[8,""B""]]","[3,8]",[],{},[],[],[],[],[],"""""",[],{},[],AVATAR_DEFAULT_HAIR_MEAN,
AV250001,AVATAR_PR_250001,pr250001,7,7,25,[22],[],"[-10,-402]",[],1,icon_250001,[],"[480,0,0,480,0,480,600,0,600,0]","[[0, ""C""], [3, ""C""], [5, ""C""], [6, ""B""], [8,""B""]]","[6,8]",[],{"level":["MA00101"]},[],[],[],[],[],"""""",[],{},[],AVATAR_DEFAULT_HAIR_MEAN,
AV250002,AVATAR_PR_250002,pr250002,7,7,25,[22],[],"[-10,-373]",[],2,icon_250002,[],"[600,0,480,0,600,0,0,480,840,0]","[[0, ""B""], [2, ""C""], [4, ""B""], [7, ""C""], [8,""A""]]","[0,8]",[],{"level":["MA01201"]},[],[],[],[],[],"""""",[],{"1":"AV250016"},[],AVATAR_DEFAULT_HAIR_MEAN,
AV250003,AVATAR_PR_250003,pr250003,7,7,25,[22],[],"[-9,-361]",[],3,icon_250003,[],"[0,1020,600,0,600,0,840,0,0,600]","[[1, ""S""], [2, ""B""], [4, ""B""], [6, ""A""], [9,""B""]]","[8,6]",[],{"level":["MA02101"]},[],[],[],[],[],"""""",[],{},[],AVATAR_DEFAULT_HAIR_MEAN,
AV250004,AVATAR_PR_250004,pr250004,7,7,25,[22],[],"[-10,-390]",[],3,icon_250004,[],"[0,600,1020,0,0,600,1020,0,0,840]","[[1, ""B""], [2, ""S""], [5, ""B""], [6, ""S""], [9,""A""]]","[1,9]",[],{},[],[],[],[],[],"""""",[],{},[],AVATAR_DEFAULT_HAIR_MEAN,
AV250005,AVATAR_PR_250005,pr250005,7,7,25,[22],[],"[-6,-380]",[],1,icon_250005,[],"[0,100,0,200,0,300,0,400,0,500]","[[1, ""C""], [3, ""C""], [4, ""C""], [7, ""C""], [9,""C""]]","[1,9]",[],{},[],[],[],[],[],"""""",[],{},[],AVATAR_DEFAULT_HAIR_MEAN,
AV250006,AVATAR_PR_250006,pr250006,7,7,25,[22],[],"[-7,-395]",[],1,icon_250006,[],"[0,480,480,0,480,0,480,0,600,0]","[[1, ""C""], [2, ""C""], [4, ""C""], [6, ""C""], [8,""B""]]","[1,9]",[],{},[],[],[],[],[],"""""",[],{},[],AVATAR_DEFAULT_HAIR_MEAN,
AV250007,AVATAR_PR_250007,pr250007,7,7,25,[22],[],"[-7,-387]",[],3,icon_250007,[],"[1020,0,600,0,840,0,0,600,600,0]","[[0, ""S""], [2, ""B""], [4, ""A""], [7, ""B""], [8,""B""]]","[1,9]",[],{},[],[],[],[],[],"""""",[],{},[],AVATAR_DEFAULT_HAIR_MEAN,
AV250008,AVATAR_PR_250008,pr250008,7,7,25,[22],[],"[-7,-397]",[],4,icon_250008,[],"[840,0,1020,0,0,600,1200,0,840,0]","[[0, ""A""], [2, ""S""], [5, ""B""], [6, ""SS""], [8,""A""]]","[1,9]",[],{},[],[],[],[],[],"""""",[],{},[],AVATAR_DEFAULT_HAIR_MEAN,
AV250009,AVATAR_PR_250009,pr250009,7,7,25,[22],[],"[-11,-414]",[],3,icon_250009,[],"[0,600,840,0,600,0,840,0,840,0]","[[1, ""B""], [2, ""A""], [4, ""B""], [6, ""A""], [8,""A""]]","[1,9]",[],{},[],[],[],[],[],"""""",[],{},[],AVATAR_DEFAULT_HAIR_MEAN,
AV250010,AVATAR_PR_250010,pr250010,7,7,25,[22],[],"[-10,-394]",[],3,icon_250010,[],"[0,600,1020,0,0,600,0,600,840,0]","[[1, ""B""], [2, ""S""], [5, ""B""], [7, ""B""], [8,""A""]]","[1,9]",[],{},[],[],[],[],[],"""""",[],{},[],AVATAR_DEFAULT_HAIR_MEAN,
AV250011,AVATAR_PR_250011,pr250011,7,7,25,[22],[],"[-6,-394]",[],2,icon_250011,[],"[1020,0,0,840,0,480,480,0,0,480]","[[0, ""S""], [3, ""A""], [5, ""C""], [6, ""C""], [9,""C""]]","[3,0]",[],"{""workShop"":{""dressType"":7, ""id"":""AV250011"", ""type"":""CompoundItem""}}","[""currency"", ""IT0011"", ""count"", 1000]","[[""avatar"", ""AV250002"", ""count"", 2],[""item"", ""IT0317"", ""count"", 6],[""item"", ""IT0322"", ""count"", 2],[""item"", ""IT0333"", ""count"", 2]]","[""item"", ""IT1005"", ""count"", 1]",[],[],"""""",[],{},[],AVATAR_DEFAULT_HAIR_MEAN,
AV250012,AVATAR_PR_250012,pr250012,7,7,25,[22],[],"[-4,-269]",[],1,icon_250012,[],"[1020,0,0,840,0,840,0,840,1020,0]","[[0,""S""],[3,""A""],[5,""A""],[7,""A""],[8,""S""]]","[1,9]",[],{},[],[],[],[],[],"""""",[],{},[],AVATAR_DEFAULT_HAIR_MEAN,
AV250013,AVATAR_PR_250013,pr250013,7,7,25,[22],[],"[-7,-398]",[],2,icon_250013,[],"[0,600,1020,0,0,600,0,600,840,0]","[[1, ""C""], [3, ""S""], [5, ""C""], [7, ""C""], [8,""B""]]","[8,3]",[],"{""workShop"":{""dressType"":7, ""id"":""AV250013"", ""type"":""EvolutionLast""}}",[],[],[],"[""currency"", ""IT0011"", ""count"", 1000]","[""AV250013"",""AV250015""]","[""avatar"", ""AV250015"", ""count"", 3]",[],{},[],AVATAR_DEFAULT_HAIR_MEAN,
AV250014,AVATAR_PR_250014,pr250014,7,7,25,[22],[],"[-5,-400]",[],3,icon_250014,[],"[480,0,0,1200,480,0,0,600,0,1020]","[[0, ""C""], [3, ""SS""], [4, ""C""], [7, ""B""], [9,""S""]]","[9,3]",[],"{""workShop"":{""dressType"":7, ""id"":""AV250017"", ""type"":""EnchantForm"", ""EnchantId"":""AV250014""}}",[],[],[],[],[],"""""","[[""item"",""IT0308"",""count"", 3],[""item"",""IT0300"",""count"", 16]]",{},[],AVATAR_DEFAULT_HAIR_MEAN,
AV250015,AVATAR_PR_250015,pr250015,7,7,25,[22],[],"[-10,-373]",[],1,icon_250015,[],"[0,480,0,1020,480,0,480,0,480,0]","[[1, ""C""], [3, ""S""], [4, ""C""], [6, ""C""], [8,""C""]]","[8,3]",[],{"level":["MA00301"]},[],[],[],[],[],"""""",[],{},[],AVATAR_DEFAULT_HAIR_MEAN,
AV250016,AVATAR_PR_250016,pr250016,7,7,25,[22],[],"[-10,-373]",[],1,icon_250016,[],"[0,840,0,480,480,0,480,0,480,0]","[[1, ""A""], [3, ""C""], [4, ""C""], [6, ""C""], [8,""C""]]","[1,8]",[],"{""workShop"":{""dressType"":7, ""id"":""AV250002"", ""type"":""EnchantForm"", ""EnchantId"":""AV250016""}}",[],[],[],[],[],"""""","[[""item"",""IT0303"",""count"", 2],[""item"",""IT0300"",""count"", 8]]",{},[],AVATAR_DEFAULT_HAIR_MEAN,
AV250017,AVATAR_PR_250017,pr250017,7,7,25,[22],[],"[-10,-373]",[],2,icon_250017,[],"[480,0,480,0,600,0,1020,0,0,840]","[[0, ""C""], [2, ""C""], [4, ""B""], [6, ""S""], [9,""A""]]","[6,9]",[],"{""workShop"":{""dressType"":7, ""id"":""AV250017"", ""type"":""CompoundItem""}}","[""currency"", ""IT0011"", ""count"", 1000]","[[""avatar"", ""AV250003"", ""count"", 2],[""item"", ""IT0319"", ""count"", 6],[""item"", ""IT0322"", ""count"", 4],[""item"", ""IT0333"", ""count"", 2]]","[""item"", ""IT1010"", ""count"", 1]",[],[],"""""",[],{"0":"AV250014"},[],AVATAR_DEFAULT_HAIR_MEAN,
AV250018,AVATAR_PR_250018,pr250018,7,7,25,[22],[],"[-10,-373]",[],2,icon_250018,[],"[1020,0,600,0,840,0,600,0,0,600]","[[0,""S""],[2,""B""],[4,""A""],[6,""B""],[9,""B""]]","[6,9]",[],{},[],[],[],[],[],"""""",[],{"0":"AV250014"},[],AVATAR_DEFAULT_HAIR_MEAN,
AV250019,AVATAR_PR_250019,pr250019,7,7,25,[22],[],"[-10,-373]",[],2,icon_250019,[],"[0,600,1200,840,0,0,1020,0,0,840]","[[1,""B""],[2,""SS""],[3,""A""],[6,""S""],[9,""A""]]","[6,9]",[],{},[],[],[],[],[],"""""",[],{"0":"AV250014"},[],AVATAR_DEFAULT_HAIR_MEAN,
AV250020,AVATAR_PR_250020,pr250020,7,7,25,[22],[],"[-10,-373]",[],2,icon_250020,[],"[0,600,840,0,0,1020,600,0,840,0]","[[1,""B""],[2,""A""],[5,""S""],[6,""B""],[8,""A""]]","[6,9]",[],{},[],[],[],[],[],"""""",[],{"0":"AV250014"},[],AVATAR_DEFAULT_HAIR_MEAN,
AV250021,AVATAR_PR_250021,pr250021,7,7,25,[22],[],"[-10,-373]",[],2,icon_250021,[],"[840,0,0,600,840,0,0,1020,0,840]","[[0,""A""],[3,""B""],[4,""A""],[7,""S""],[9,""A""]]","[6,9]",[],{},[],[],[],[],[],"""""",[],{"0":"AV250014"},[],AVATAR_DEFAULT_HAIR_MEAN,
AV250022,AVATAR_PR_250022,pr250022,7,7,25,[22],[],"[-10,-373]",[],2,icon_250022,[],"[840,0,600,0,0,840,0,600,840,0]","[[0,""A""],[2,""B""],[5,""A""],[7,""B""],[8,""A""]]","[6,9]",[],{},[],[],[],[],[],"""""",[],{"0":"AV250014"},[],AVATAR_DEFAULT_HAIR_MEAN,
AV250023,AVATAR_PR_250023,pr250023,7,7,25,[22],[],"[-10,-373]",[],2,icon_250023,[],"[840,0,600,0,600,0,840,0,840,0]","[[0,""A""],[2,""B""],[4,""B""],[6,""A""],[8,""A""]]","[6,9]",[],{},[],[],[],[],[],"""""",[],{"0":"AV250014"},[],AVATAR_DEFAULT_HAIR_MEAN,
AV250024,AVATAR_PR_250024,pr250024,7,7,25,[22],[],"[-10,-373]",[],2,icon_250024,[],"[0,840,0,840,840,0,0,1020,0,1020]","[[1,""A""],[3,""A""],[4,""A""],[7,""S""],[9,""S""]]","[6,9]",[],{},[],[],[],[],[],"""""",[],{"0":"AV250014"},[],AVATAR_DEFAULT_HAIR_MEAN,
AV260001,AVATAR_PR_260001,pr260001,9,9,26,[34],[],"[-13,397]",[],5,icon_260001,[],"[0,200,140,0,0,200,170,0,0,170]","[[1, ""SS""], [2, ""A""], [5, ""SS""], [6, ""S""], [9,""S""]]","[1,9]",[],{},[],[],[],[],[],"""""",[],{},[],AVATAR_DEFAULT_HAIR_MEAN,
AV260002,AVATAR_PR_260002,pr260002,9,9,26,[34],[],"[-13,397]",[],5,icon_260002,[],"[170,0,0,200,140,0,0,200,170,0]","[[0, ""S""], [3, ""SS""], [4, ""A""], [7, ""SS""], [8,""S""]]","[1,9]",[],{},[],[],[],[],[],"""""",[],{},[],AVATAR_DEFAULT_HAIR_MEAN,
AV260003,AVATAR_PR_260003,pr260003,9,9,26,[34],[],"[-13,397]",[],5,icon_260003,[],"[0,170,170,0,200,0,140,0,200,0]","[[1, ""S""], [2, ""S""], [4, ""SS""], [6, ""A""], [8,""SS""]]","[1,9]",[],{},[],[],[],[],[],"""""",[],{},[],AVATAR_DEFAULT_HAIR_MEAN,
AV260004,AVATAR_PR_260004,pr260004,9,9,26,[34],[],"[-13,397]",[],3,icon_260004,[],"[0,140,0,100,0,100,80,0,0,200]","[[1, ""A""], [3, ""B""], [5, ""B""], [6, ""C""], [9,""SS""]]","[9,0]",[],{"level":["MA02101"]},[],[],[],[],[],"""""",[],{},[],AVATAR_DEFAULT_HAIR_MEAN,
AV280001,AVATAR_PR_280001,pr280001,17,8,28,[41],[],"[200,314]",[],1,icon_280001,[],"[0,100,0,200,0,300,0,400,0,500]","[[1, ""C""], [3, ""C""], [4, ""C""], [7, ""C""], [9,""C""]]","[1,9]",[],{},[],[],[],[],[],"""""",[],{},[],AVATAR_DEFAULT_HAIR_MEAN,
AV280002,AVATAR_PR_280002,pr280002,17,8,28,[41],[],"[200,314]",[],1,icon_280002,[],"[0,100,0,200,0,300,0,400,0,500]","[[1, ""C""], [3, ""C""], [4, ""C""], [7, ""C""], [9,""C""]]","[1,9]",[],{},[],[],[],[],[],"""""",[],{},[],AVATAR_DEFAULT_HAIR_MEAN,
AV280003,AVATAR_PR_280003,pr280003,17,8,28,[41],[],"[200,314]",[],3,icon_280003,[],"[0,350,0,250,425,0,0,200,0,350]","[[1, ""A""], [3, ""B""], [4, ""S""], [7, ""C""], [9,""A""]]","[4,0]",[],{"level":["MA00301"]},[],[],[],[],[],"""""",[],{},[],AVATAR_DEFAULT_HAIR_MEAN,
AV280004,AVATAR_PR_280004,pr280004,17,8,28,[41],[],"[200,314]",[],3,icon_280004,[],"[0,200,0,350,350,0,425,0,250,0]","[[1, ""C""], [3, ""A""], [4, ""A""], [6, ""S""], [8,""B""]]","[6,0]",[],{"level":["MA02101"]},[],[],[],[],[],"""""",[],{},[],AVATAR_DEFAULT_HAIR_MEAN,
AV280005,AVATAR_PR_280005,pr280005,17,8,28,[41],[],"[200,314]",[],3,icon_280005,[],"[350,0,200,0,0,250,350,0,425,0]","[[0, ""A""], [2, ""C""], [5, ""B""], [6, ""A""], [8,""S""]]","[8,0]",[],{"level":["MA00101"]},[],[],[],[],[],"""""",[],{},[],AVATAR_DEFAULT_HAIR_MEAN,
AV280006,AVATAR_PR_280006,pr280006,17,8,28,[41],[],"[200,314]",[],3,icon_280006,[],"[0,500,200,0,0,200,0,200,0,200]","[[1, ""S""], [2, ""C""], [5, ""A""], [7, ""A""], [9,""B""]]","[1,0]",[],{"level":["MA01301"]},[],[],[],[],[],"""""",[],{},[],AVATAR_DEFAULT_HAIR_MEAN,
AV280008,AVATAR_PR_280008,pr280008,17,8,28,[41],[],"[200,314]",[],3,icon_280008,[],"[0,250,0,350,0,425,0,250,0,250]","[[1, ""B""], [3, ""A""], [5, ""S""], [7, ""B""], [9,""B""]]","[5,0]",[],{"level":["MA01101"]},[],[],[],[],[],"""""",[],{},[],AVATAR_DEFAULT_HAIR_MEAN,
AV280010,AVATAR_PR_280010,pr280010,17,8,28,[41],[],"[317,364]",[],3,icon_280010,[],"[250,0,0,250,350,0,250,0,0,425]","[[0, ""B""], [3, ""B""], [4, ""A""], [6, ""B""], [9,""S""]]","[9,0]",[],{"level":["MA02601"]},[],[],[],[],[],"""""",[],{},[],AVATAR_DEFAULT_HAIR_MEAN,
AV0400666,AVATAR_PR_0400666,pr0400666,2,2,4,[27],"[5,6,30]","[10,121]",[],5,icon_0400666,[],"[10000,10000,10000,20000,10000,30000,10000,40000,10000,50000]","[[1, ""C""], [3, ""C""], [4, ""C""], [7, ""C""], [9,""C""]]","[1,8]",[],{},[],[],[],[],[],"""""",[],{},[],AVATAR_DEFAULT_HAIR_MEAN,
