ItemId,Effect,ItemName,ResName,ItemDesc,ItemType,BuffID,ItemResult,Star,note,Path,StoreID,ValueType,LevelID,DiaryCsvID,CollectionID
DR6666,,ITEMNAME_0020,icon_energy,ITEMINFO_0020,0,"""""",[],0,活跃度兔子dr ar,{},"""""",0,[],"""""",""""""
IT0020,,ITEMNAME_0020,icon_energy,ITEMINFO_0020,0,"""""",[],0,能量,{},"""""",0,[],"""""",""""""
IT0011,,ITEMNAME_0011,icon_goldcoins,ITEMINFO_0011,0,"""""",[],0,金币,{},"""""",0,[],"""""",""""""
IT0001,,ITEMNAME_0001,icon_crystal,ITEMINFO_0001,0,"""""",[],0,钻石/水晶,{},ST0003,0,[],"""""",""""""
IT0002,,ITEMNAME_0002,icon_starcoin,ITEMINFO_0002,0,"""""",[],0,PK币,{},"""""",0,[],"""""",""""""
IT0003,,ITEMNAME_0003,icon_heart,ITEMINFO_0003,0,"""""",[],0,爱心币（友好度货币）,{},"""""",0,[],"""""",""""""
IT0021,2,ITEMNAME_0021,icon_energy_4,ITEMINFO_0021,1,"""""","[[""currency"", ""IT0020"", ""count"", 2]]",0,1级能量瓶,{},ST0201,0,[],"""""",""""""
IT0022,25,ITEMNAME_0022,icon_energy_5,ITEMINFO_0022,1,"""""","[[""currency"", ""IT0020"", ""count"", 25]]",0,2级能量瓶,{},ST0202,0,[],"""""",""""""
IT0023,50,ITEMNAME_0023,icon_energy_6,ITEMINFO_0023,1,"""""","[[""currency"", ""IT0020"", ""count"", 50]]",0,3级能量瓶,{},ST0203,0,[],"""""",""""""
IT0030,,ITEMNAME_0030,icon_prestige,ITEMINFO_0030,0,"""""",[],0,声望,{},"""""",0,[],"""""",""""""
IT0101,,ITEMNAME_0101,icon_goldcoins,ITEMINFO_0101,2,"""""",[],0,金币,{},"""""",0,[],"""""",""""""
IT0201,E10001,ITEMNAME_0201,icon_tool_magnifier,ITEMINFO_0201,3,BF0001,[],0,放大镜(帮助),{},ST0201,0,[],"""""",""""""
IT0202,E10011,ITEMNAME_0202,icon_tool_bag,ITEMINFO_0202,3,BF0003,[],0,魔法口袋(干扰),{},ST0202,0,[],"""""",""""""
IT0203,E10020,ITEMNAME_0203,icon_tool_book,ITEMINFO_0203,3,BF0003,[],0,百科全书(清除),{},ST0203,0,[],"""""",""""""
IT0204,E10003,ITEMNAME_0204,icon_tool_clock,ITEMINFO_0204,3,BF0003,[],0,时钟,{},ST0204,0,[],"""""",""""""
IT0205,E10006,ITEMNAME_0205,icon_tool_coinup,ITEMINFO_0205,3,BF0001,[],0,加金币,{},ST0205,0,[],"""""",""""""
IT0206,E10006,ITEMNAME_0206,icon_tool_tornado,ITEMINFO_0206,3,BF0001,[],0,加金币,{},ST0206,0,[],"""""",""""""
IT0207,E10013,ITEMNAME_0207,icon_goldcoins,ITEMINFO_0207,3,BF0003,[],0,指南针,{},"""""",0,[],"""""",""""""
IT0208,E10017,ITEMNAME_0208,icon_tool_crystalball,ITEMINFO_0208,3,BF0003,[],0,水晶球,{},ST0208,0,[],"""""",""""""
IT0209,E10004,ITEMNAME_0209,icon_tool_hourglass,ITEMINFO_0209,3,BF0002,[],0,沙漏,{},ST0209,0,[],"""""",""""""
IT0210,E10022,ITEMNAME_0210,icon_tool_pearl,ITEMINFO_0210,3,BF0004,[],0,夜明珠,{},"""""",0,[],"""""",""""""
IT0211,,ITEMNAME_0211,icon_tool_random,ITEMINFO_0211,3,BF0003,[],0,随机,{},"""""",0,[],"""""",""""""
IT0212,E10007,ITEMNAME_0212,icon_tool_compass,ITEMINFO_0212,3,BF0003,[],0,加得分,{},ST0003,0,[],"""""",""""""
IT0213,E10007,ITEMNAME_0213,icon_tool_scoreup,ITEMINFO_0213,3,BF0003,[],0,加得分,{},ST0009,0,[],"""""",""""""
IT0214,E10003,ITEMNAME_0214,icon_tool_timeplus,ITEMINFO_0214,3,BF0003,[],0,加时间,{},ST0010,0,[],"""""",""""""
IT0215,E10003,ITEMNAME_0215,icon_tool_timeplus,ITEMINFO_0215,3,BF0003,[],0,加时间,{},ST0011,0,[],"""""",""""""
IT0216,E10002,ITEMNAME_0216,icon_tool_tornado,ITEMINFO_0216,3,BF0003,[],0,龙卷风,{},"""""",0,[],"""""",""""""
IT0217,E10005,ITEMNAME_0217,icon_tool_wand,ITEMINFO_0217,3,BF0003,[],0,魔法棒(保护),{},ST0217,0,[],"""""",""""""
IT0218,,ITEMNAME_0218,icon_tool_clock,ITEMINFO_0218,3,"""""",[],0,复活币,{},ST0218,0,[],"""""",""""""
IT0300,,ITEMNAME_0300,icon_dust,ITEMINFO_0300,1,"""""",[],1,魔尘,"{""workShop"":{""dressType"":7, ""id"":""AV250001"", ""type"":""Resolve""}}","""""",0,[],"""""",""""""
IT0301,,ITEMNAME_0301,icon_material1,ITEMINFO_0301,1,"""""",[],1,蓝晶石,{"level":["MA00301"]},ST10301,0,[],"""""",""""""
IT0302,,ITEMNAME_0302,icon_material2,ITEMINFO_0302,1,"""""",[],1,红晶石,{"level":["MA01401"]},ST10302,0,[],"""""",""""""
IT0303,,ITEMNAME_0303,icon_material3,ITEMINFO_0303,1,"""""",[],1,白晶石,{"level":["MA01201"]},ST10303,0,[],"""""",""""""
IT0304,,ITEMNAME_0304,icon_material4,ITEMINFO_0304,1,"""""",[],1,黄晶石,{"level":["MA02501"]},ST10304,0,[],"""""",""""""
IT0305,,ITEMNAME_0305,icon_material5,ITEMINFO_0305,1,"""""",[],1,紫晶石,{"level":["MA00101"]},ST10305,0,[],"""""",""""""
IT0306,,ITEMNAME_0306,icon_material6,ITEMINFO_0306,1,"""""",[],2,水妖印信,{},ST10306,0,[],"""""",""""""
IT0307,,ITEMNAME_0307,icon_material7,ITEMINFO_0307,1,"""""",[],2,火蜥印信,{},ST10307,0,[],"""""",""""""
IT0308,,ITEMNAME_0308,icon_material8,ITEMINFO_0308,1,"""""",[],2,风神印信,{"level":["MA02401"]},ST10308,0,[],"""""",""""""
IT0309,,ITEMNAME_0309,icon_material9,ITEMINFO_0309,1,"""""",[],2,地灵印信,{"level":["MA02201"]},ST10309,0,[],"""""",""""""
IT0310,,ITEMNAME_0310,icon_material10,ITEMINFO_0310,1,"""""",[],2,月亮印信,{},ST10310,0,[],"""""",""""""
IT0311,,ITEMNAME_0311,icon_material11,ITEMINFO_0311,1,"""""",[],3,蓝炼金溶液,{},ST10311,0,[],"""""",""""""
IT0312,,ITEMNAME_0312,icon_material12,ITEMINFO_0312,1,"""""",[],3,红炼金溶液,{},ST10312,0,[],"""""",""""""
IT0313,,ITEMNAME_0313,icon_material13,ITEMINFO_0313,1,"""""",[],3,白炼金溶液,{},ST10313,0,[],"""""",""""""
IT0314,,ITEMNAME_0314,icon_material14,ITEMINFO_0314,1,"""""",[],3,黄炼金溶液,{},ST10314,0,[],"""""",""""""
IT0315,,ITEMNAME_0315,icon_material15,ITEMINFO_0315,1,"""""",[],3,黑炼金溶液,{},ST10315,0,[],"""""",""""""
IT0316,,ITEMNAME_0316,icon_material16,ITEMINFO_0316,1,"""""",[],1,羽绒,{"level":["MA00201"]},ST10316,0,[],"""""",""""""
IT0317,,ITEMNAME_0317,icon_material17,ITEMINFO_0317,1,"""""",[],1,皮革,"{""level"":[""MA01101"",""MA02601""]}",ST10317,0,[],"""""",""""""
IT0318,,ITEMNAME_0318,icon_material18,ITEMINFO_0318,1,"""""",[],1,棉花,{"level":["MA01301"]},ST10318,0,[],"""""",""""""
IT0319,,ITEMNAME_0319,icon_material19,ITEMINFO_0319,1,"""""",[],1,羊毛,"{""level"":[""MA00401"",""MA02301""]}",ST10319,0,[],"""""",""""""
IT0320,,ITEMNAME_0320,icon_material20,ITEMINFO_0320,1,"""""",[],1,蚕丝,{"level":["MA02101"]},ST10320,0,[],"""""",""""""
IT0321,,ITEMNAME_0321,icon_material21,ITEMINFO_0321,1,"""""",[],2,金箔,{"level":["MA01201"]},ST10321,0,[],"""""",""""""
IT0322,,ITEMNAME_0322,icon_material22,ITEMINFO_0322,1,"""""",[],2,珍珠,{"level":["MA01501"]},ST10322,0,[],"""""",""""""
IT0323,,ITEMNAME_0323,icon_material23,ITEMINFO_0323,1,"""""",[],2,雪花,{},ST10323,0,[],"""""",""""""
IT0324,,ITEMNAME_0324,icon_material24,ITEMINFO_0324,1,"""""",[],2,珊瑚,{"level":["MA02501"]},ST10324,0,[],"""""",""""""
IT0325,,ITEMNAME_0325,icon_material25,ITEMINFO_0325,1,"""""",[],2,孔雀翎羽,{},ST10325,0,[],"""""",""""""
IT0326,,ITEMNAME_0326,icon_material26,ITEMINFO_0326,1,"""""",[],3,金合欢,{"level":["MA02201"]},ST10326,0,[],"""""",""""""
IT0327,,ITEMNAME_0327,icon_material27,ITEMINFO_0327,1,"""""",[],3,红山茶,"{""level"":[""MA00401"",""MA02401""]}",ST10327,0,[],"""""",""""""
IT0328,,ITEMNAME_0328,icon_material28,ITEMINFO_0328,1,"""""",[],3,薰衣草,{"level":["MA01401"]},ST10328,0,[],"""""",""""""
IT0329,,ITEMNAME_0329,icon_material29,ITEMINFO_0329,1,"""""",[],3,微光蓟,{"level":["MA02601"]},ST10329,0,[],"""""",""""""
IT0330,,ITEMNAME_0330,icon_material30,ITEMINFO_0330,1,"""""",[],3,铃兰,{"level":["MA00201"]},ST10330,0,[],"""""",""""""
IT0331,,ITEMNAME_0331,icon_material31,ITEMINFO_0331,1,"""""",[],2,亚麻布,"{""workShop"":{""dressType"":1, ""id"":""AV020001"", ""type"":""Resolve""}}","""""",0,[],"""""",""""""
IT0332,,ITEMNAME_0332,icon_material32,ITEMINFO_0332,1,"""""",[],2,蕾丝花边,"{""workShop"":{""dressType"":1, ""id"":""AV020001"", ""type"":""Resolve""}}","""""",0,[],"""""",""""""
IT0333,,ITEMNAME_0333,icon_material33,ITEMINFO_0333,1,"""""",[],3,天鹅绒,"{""workShop"":{""dressType"":9, ""id"":""AV280003"", ""type"":""Resolve""}}","""""",0,[],"""""",""""""
IT0334,,ITEMNAME_0334,icon_material34,ITEMINFO_0334,1,"""""",[],3,锦缎,"{""workShop"":{""dressType"":1, ""id"":""AV020001"", ""type"":""Resolve""}}","""""",0,[],"""""",""""""
IT0335,,ITEMNAME_0335,icon_material35,ITEMINFO_0335,1,"""""",[],4,塔夫绸,"{""workShop"":{""dressType"":1, ""id"":""AV020001"", ""type"":""Resolve""}}","""""",0,[],"""""",""""""
IT0336,,ITEMNAME_0336,icon_material36,ITEMINFO_0336,1,"""""",[],5,乔其纱,"{""workShop"":{""dressType"":1, ""id"":""AV020001"", ""type"":""Resolve""}}","""""",0,[],"""""",""""""
IT1001,,ITEMNAME_1001,icon_blueprint,ITEMINFO_1001,5,"""""",[],0,AV040013设计图纸1  极光连衣裙,{},ST1001,0,[],"""""",""""""
IT1002,,ITEMNAME_1002,icon_blueprint,ITEMINFO_1002,5,"""""",[],0,AV030007设计图纸2  极光外套,{},ST1002,0,[],"""""",""""""
IT1003,,ITEMNAME_1003,icon_blueprint,ITEMINFO_1003,5,"""""",[],0,时光下裙（紫）,{},ST1003,0,[],"""""",""""""
IT1004,,ITEMNAME_1004,icon_blueprint,ITEMINFO_1004,5,"""""",[],0,时光上装（简),{},ST1004,0,[],"""""",""""""
IT1005,,ITEMNAME_1005,icon_blueprint,ITEMINFO_1005,5,"""""",[],0,时光鞋子,{},ST1005,0,[],"""""",""""""
IT1006,,ITEMNAME_1006,icon_blueprint,ITEMINFO_1006,5,"""""",[],0,下装0002,{},ST1006,0,[],"""""",""""""
IT1007,,ITEMNAME_1007,icon_blueprint,ITEMINFO_1007,5,"""""",[],0,时光头饰,{},ST1007,0,[],"""""",""""""
IT1008,,ITEMNAME_1008,icon_blueprint,ITEMINFO_1008,5,"""""",[],0,连衣裙0002,{},ST1008,0,[],"""""",""""""
IT1009,,ITEMNAME_1009,icon_blueprint,ITEMINFO_1009,5,"""""",[],0,上装0002,{},ST1009,0,[],"""""",""""""
IT1010,,ITEMNAME_1010,icon_blueprint,ITEMINFO_1010,5,"""""",[],0,茶花鞋子（黄）,{},ST1010,0,[],"""""",""""""
IT1011,,ITEMNAME_1011,icon_blueprint,ITEMINFO_1011,5,"""""",[],0,茶花左手饰,{},ST1011,0,[],"""""",""""""
IT1012,,ITEMNAME_1012,icon_blueprint,ITEMINFO_1012,5,"""""",[],0,茶花又手饰,{},ST1012,0,[],"""""",""""""
IT1013,,ITEMNAME_1013,icon_blueprint,ITEMINFO_1013,5,"""""",[],0,茶花发型,{},ST1013,0,[],"""""",""""""
IT1014,,ITEMNAME_1014,icon_blueprint,ITEMINFO_1014,5,"""""",[],0,茶花头饰,{},ST1014,0,[],"""""",""""""
IT1015,,ITEMNAME_1015,icon_blueprint,ITEMINFO_1015,5,"""""",[],0,左手持0002,{},ST1015,0,[],"""""",""""""
IT1016,,ITEMNAME_1016,icon_blueprint,ITEMINFO_1016,5,"""""",[],0,茶花连衣裙,{},ST1016,0,[],"""""",""""""
IT1017,,ITEMNAME_1017,icon_blueprint,ITEMINFO_1017,5,"""""",[],0,图纸,{},"""""",0,[],"""""",""""""
IT1018,,ITEMNAME_1018,icon_blueprint,ITEMINFO_1018,5,"""""",[],0,图纸,{},"""""",0,[],"""""",""""""
IT1019,,ITEMNAME_1019,icon_blueprint,ITEMINFO_1019,5,"""""",[],0,图纸,{},"""""",0,[],"""""",""""""
IT1020,,ITEMNAME_1020,icon_blueprint,ITEMINFO_1020,5,"""""",[],0,图纸,{},"""""",0,[],"""""",""""""
IT1021,,ITEMNAME_1021,icon_blueprint,ITEMINFO_1021,5,"""""",[],0,图纸,{},"""""",0,[],"""""",""""""
IT1022,,ITEMNAME_1022,icon_blueprint,ITEMINFO_1022,5,"""""",[],0,图纸,{},"""""",0,[],"""""",""""""
IT1023,,ITEMNAME_1023,icon_blueprint,ITEMINFO_1023,5,"""""",[],0,图纸,{},"""""",0,[],"""""",""""""
IT1024,,ITEMNAME_1024,icon_blueprint,ITEMINFO_1024,5,"""""",[],0,图纸,{},"""""",0,[],"""""",""""""
IT1025,,ITEMNAME_1025,icon_blueprint,ITEMINFO_1025,5,"""""",[],0,图纸,{},"""""",0,[],"""""",""""""
IT1026,,ITEMNAME_1026,icon_blueprint,ITEMINFO_1026,5,"""""",[],0,图纸,{},"""""",0,[],"""""",""""""
IT1027,,ITEMNAME_1027,icon_blueprint,ITEMINFO_1027,5,"""""",[],0,图纸,{},"""""",0,[],"""""",""""""
IT1028,,ITEMNAME_1028,icon_blueprint,ITEMINFO_1028,5,"""""",[],0,图纸,{},"""""",0,[],"""""",""""""
IT1029,,ITEMNAME_1029,icon_blueprint,ITEMINFO_1029,5,"""""",[],0,图纸,{},"""""",0,[],"""""",""""""
IT1030,,ITEMNAME_1030,icon_blueprint,ITEMINFO_1030,5,"""""",[],0,图纸,{},"""""",0,[],"""""",""""""
IT1031,,ITEMNAME_1031,icon_blueprint,ITEMINFO_1031,5,"""""",[],0,图纸,{},"""""",0,[],"""""",""""""
IT1032,,ITEMNAME_1032,icon_blueprint,ITEMINFO_1032,5,"""""",[],0,图纸,{},"""""",0,[],"""""",""""""
IT1033,,ITEMNAME_1033,icon_blueprint,ITEMINFO_1033,5,"""""",[],0,图纸,{},"""""",0,[],"""""",""""""
IT1034,,ITEMNAME_1034,icon_blueprint,ITEMINFO_1034,5,"""""",[],0,图纸,{},"""""",0,[],"""""",""""""
IT1035,,ITEMNAME_1035,icon_blueprint,ITEMINFO_1035,5,"""""",[],0,图纸,{},"""""",0,[],"""""",""""""
IT1036,,ITEMNAME_1036,icon_blueprint,ITEMINFO_1036,5,"""""",[],0,图纸,{},"""""",0,[],"""""",""""""
LK0101,,COLLECTION_ITEM_1_1,"""""",COLLECTION_INFO_1_1,,"""""",[],0,,{},ST0209,1,["MA0137"],"""""",""""""
LK0102,,COLLECTION_ITEM_1_1,"""""",COLLECTION_INFO_1_1,,"""""",[],0,,{},"""""",1,["MA0138"],"""""",""""""
LK0103,,COLLECTION_ITEM_1_1,"""""",COLLECTION_INFO_1_1,,"""""",[],0,,{},"""""",1,["MA0139"],"""""",""""""
LK0104,,COLLECTION_ITEM_1_1,"""""",COLLECTION_INFO_1_1,,"""""",[],0,,{},ST0003,1,["MA0140"],"""""",""""""
LK0105,,COLLECTION_ITEM_1_1,"""""",COLLECTION_INFO_1_1,,"""""",[],0,,{},ST0009,1,["MA0141"],"""""",""""""
LK0106,,COLLECTION_ITEM_1_1,"""""",COLLECTION_INFO_1_1,,"""""",[],0,,{},ST0010,1,["MA0142"],"""""",""""""
LK0107,,COLLECTION_ITEM_1_1,"""""",COLLECTION_INFO_1_1,,"""""",[],0,,{},ST0011,1,["MA0143"],"""""",""""""
LK0108,,COLLECTION_ITEM_1_1,"""""",COLLECTION_INFO_1_1,,"""""",[],0,,{},"""""",1,["MA0144"],"""""",""""""
LK0109,,COLLECTION_ITEM_1_1,"""""",COLLECTION_INFO_1_1,,"""""",[],0,,{},ST0201,1,["MA0145"],"""""",""""""
LK0110,,COLLECTION_ITEM_1_1,"""""",COLLECTION_INFO_1_1,,"""""",[],0,,{},"""""",1,["MA0146"],"""""",""""""
LK0111,,COLLECTION_ITEM_1_1,"""""",COLLECTION_INFO_1_1,,"""""",[],0,,{},"""""",1,["MA0147"],"""""",""""""
LK0112,,COLLECTION_ITEM_1_1,"""""",COLLECTION_INFO_1_1,,"""""",[],0,,{},ST0204,1,["MA0148"],"""""",""""""
LK0113,,COLLECTION_ITEM_1_1,"""""",COLLECTION_INFO_1_1,,"""""",[],0,,{},ST0205,1,["MA0149"],"""""",""""""
LK0114,,COLLECTION_ITEM_1_1,"""""",COLLECTION_INFO_1_1,,"""""",[],0,,{},ST0206,1,["MA0150"],"""""",""""""
LK0115,,COLLECTION_ITEM_1_1,"""""",COLLECTION_INFO_1_1,,"""""",[],0,,{},"""""",1,["MA0151"],"""""",""""""
LK0116,,COLLECTION_ITEM_1_1,"""""",COLLECTION_INFO_1_1,,"""""",[],0,,{},ST0208,1,["MA0152"],"""""",""""""
LK0117,,COLLECTION_ITEM_1_1,"""""",COLLECTION_INFO_1_1,,"""""",[],0,,{},ST0209,1,["MA0153"],"""""",""""""
LK0118,,COLLECTION_ITEM_1_1,"""""",COLLECTION_INFO_1_1,,"""""",[],0,,{},"""""",1,["MA0154"],"""""",""""""
LK0119,,COLLECTION_ITEM_1_1,"""""",COLLECTION_INFO_1_1,,"""""",[],0,,{},"""""",1,["MA0155"],"""""",""""""
LK0120,,COLLECTION_ITEM_1_1,"""""",COLLECTION_INFO_1_1,,"""""",[],0,,{},ST0003,1,["MA0156"],"""""",""""""
LK0121,,COLLECTION_ITEM_1_1,"""""",COLLECTION_INFO_1_1,,"""""",[],0,,{},ST0009,1,["MA0157"],"""""",""""""
LK0122,,COLLECTION_ITEM_1_1,"""""",COLLECTION_INFO_1_1,,"""""",[],0,,{},ST0010,1,["MA0158"],"""""",""""""
LK0123,,COLLECTION_ITEM_1_1,"""""",COLLECTION_INFO_1_1,,"""""",[],0,,{},ST0011,1,["MA0159"],"""""",""""""
LK0124,,COLLECTION_ITEM_1_1,"""""",COLLECTION_INFO_1_1,,"""""",[],0,,{},"""""",1,["MA0160"],"""""",""""""
LK0125,,COLLECTION_ITEM_1_1,"""""",COLLECTION_INFO_1_1,,"""""",[],0,,{},ST0201,1,["MA0161"],"""""",""""""
LK0126,,COLLECTION_ITEM_1_1,"""""",COLLECTION_INFO_1_1,,"""""",[],0,,{},"""""",1,["MA0162"],"""""",""""""
LK0127,,COLLECTION_ITEM_1_1,"""""",COLLECTION_INFO_1_1,,"""""",[],0,,{},"""""",1,["MA0163"],"""""",""""""
LK0128,,COLLECTION_ITEM_1_1,"""""",COLLECTION_INFO_1_1,,"""""",[],0,,{},ST0204,1,["MA0164"],"""""",""""""
LK0129,,COLLECTION_ITEM_1_1,"""""",COLLECTION_INFO_1_1,,"""""",[],0,,{},ST0205,1,["MA0165"],"""""",""""""
LK0130,,COLLECTION_ITEM_1_1,"""""",COLLECTION_INFO_1_1,,"""""",[],0,,{},ST0206,1,["MA0166"],"""""",""""""
LK0131,,COLLECTION_ITEM_1_1,"""""",COLLECTION_INFO_1_1,,"""""",[],0,,{},"""""",1,["MA0167"],"""""",""""""
LK0132,,COLLECTION_ITEM_1_1,"""""",COLLECTION_INFO_1_1,,"""""",[],0,,{},ST0208,1,["MA0168"],"""""",""""""
LK0133,,COLLECTION_ITEM_1_1,"""""",COLLECTION_INFO_1_1,,"""""",[],0,,{},ST0209,1,["MA0169"],"""""",""""""
LK0134,,COLLECTION_ITEM_1_1,"""""",COLLECTION_INFO_1_1,,"""""",[],0,,{},"""""",1,["MA0170"],"""""",""""""
LK0135,,COLLECTION_ITEM_1_1,"""""",COLLECTION_INFO_1_1,,"""""",[],0,,{},"""""",1,["MA0171"],"""""",""""""
LK0136,,COLLECTION_ITEM_1_1,"""""",COLLECTION_INFO_1_1,,"""""",[],0,,{},ST0003,1,["MA0172"],"""""",""""""
CR0101,,COLLECTION_ITEM_1_1,"""""",COLLECTION_INFO_1_1,,"""""",[],0,,{},ST0009,1,["MA0101"],AC0101,""""""
CR0102,,COLLECTION_ITEM_1_1,"""""",COLLECTION_INFO_1_1,,"""""",[],0,,{},ST0010,1,["MA0102"],AC0101,""""""
CR0103,,COLLECTION_ITEM_1_1,"""""",COLLECTION_INFO_1_1,,"""""",[],0,,{},ST0011,1,["MA0103"],AC0107,""""""
CR0104,,COLLECTION_ITEM_1_1,"""""",COLLECTION_INFO_1_1,,"""""",[],0,,{},"""""",1,["MA0104"],AC0107,""""""
CR0105,,COLLECTION_ITEM_1_1,"""""",COLLECTION_INFO_1_1,,"""""",[],0,,{},ST0201,1,["MA0105"],AC0107,""""""
CR0106,,COLLECTION_ITEM_1_1,"""""",COLLECTION_INFO_1_1,,"""""",[],0,,{},"""""",1,["MA0106"],AC0107,""""""
CR0107,,COLLECTION_ITEM_1_1,"""""",COLLECTION_INFO_1_1,,"""""",[],0,,{},"""""",1,["MA0107"],AC0101,""""""
CR0108,,COLLECTION_ITEM_1_1,"""""",COLLECTION_INFO_1_1,,"""""",[],0,,{},ST0204,1,["MA0108"],AC0101,""""""
CR0109,,COLLECTION_ITEM_1_1,"""""",COLLECTION_INFO_1_1,,"""""",[],0,,{},ST0205,1,["MA0109"],AC0101,""""""
CR0110,,COLLECTION_ITEM_1_1,"""""",COLLECTION_INFO_1_1,,"""""",[],0,,{},ST0206,1,["MA0110"],AC0101,""""""
CR0111,,COLLECTION_ITEM_1_1,"""""",COLLECTION_INFO_1_1,,"""""",[],0,,{},"""""",1,["MA0111"],AC0101,""""""
CR0112,,COLLECTION_ITEM_1_1,"""""",COLLECTION_INFO_1_1,,"""""",[],0,,{},ST0208,1,["MA0112"],AC0101,""""""
CR0113,,COLLECTION_ITEM_1_1,"""""",COLLECTION_INFO_1_1,,"""""",[],0,,{},ST0209,1,["MA0113"],AC0102,""""""
CR0114,,COLLECTION_ITEM_1_1,"""""",COLLECTION_INFO_1_1,,"""""",[],0,,{},"""""",1,["MA0114"],AC0102,""""""
CR0115,,COLLECTION_ITEM_1_1,"""""",COLLECTION_INFO_1_1,,"""""",[],0,,{},"""""",1,["MA0115"],AC0102,""""""
CR0116,,COLLECTION_ITEM_1_1,"""""",COLLECTION_INFO_1_1,,"""""",[],0,,{},ST0003,1,["MA0116"],AC0102,""""""
CR0117,,COLLECTION_ITEM_1_1,"""""",COLLECTION_INFO_1_1,,"""""",[],0,,{},ST0009,1,["MA0117"],AC0102,""""""
CR0118,,COLLECTION_ITEM_1_1,"""""",COLLECTION_INFO_1_1,,"""""",[],0,,{},ST0010,1,["MA0118"],AC0102,""""""
CR0119,,COLLECTION_ITEM_1_1,"""""",COLLECTION_INFO_1_1,,"""""",[],0,,{},ST0011,1,["MA0119"],AC0102,""""""
CR0120,,COLLECTION_ITEM_1_1,"""""",COLLECTION_INFO_1_1,,"""""",[],0,,{},"""""",1,["MA0120"],AC0102,""""""
CR0121,,COLLECTION_ITEM_1_1,"""""",COLLECTION_INFO_1_1,,"""""",[],0,,{},ST0201,1,["MA0121"],AC0102,""""""
CR0122,,COLLECTION_ITEM_1_1,"""""",COLLECTION_INFO_1_1,,"""""",[],0,,{},"""""",1,["MA0122"],AC0102,""""""
CR0123,,COLLECTION_ITEM_1_1,"""""",COLLECTION_INFO_1_1,,"""""",[],0,,{},"""""",1,["MA0123"],AC0102,""""""
CR0124,,COLLECTION_ITEM_1_1,"""""",COLLECTION_INFO_1_1,,"""""",[],0,,{},ST0204,1,["MA0124"],AC0102,""""""
CR0125,,COLLECTION_ITEM_1_1,"""""",COLLECTION_INFO_1_1,,"""""",[],0,,{},ST0205,1,["MA0124"],AC0102,""""""
CR0126,,COLLECTION_ITEM_1_1,"""""",COLLECTION_INFO_1_1,,"""""",[],0,,{},ST0206,1,["MA0124"],AC0102,""""""
CR0127,,COLLECTION_ITEM_1_1,"""""",COLLECTION_INFO_1_1,,"""""",[],0,,{},"""""",1,["MA0124"],AC0102,""""""
CR0128,,COLLECTION_ITEM_1_1,"""""",COLLECTION_INFO_1_1,,"""""",[],0,,{},ST0208,1,["MA0124"],AC0102,""""""
CR0129,,COLLECTION_ITEM_1_1,"""""",COLLECTION_INFO_1_1,,"""""",[],0,,{},ST0209,1,["MA0124"],AC0102,""""""
CR0130,,COLLECTION_ITEM_1_1,"""""",COLLECTION_INFO_1_1,,"""""",[],0,,{},"""""",1,["MA0124"],AC0102,""""""
CR0131,,COLLECTION_ITEM_1_1,"""""",COLLECTION_INFO_1_1,,"""""",[],0,,{},"""""",1,["MA0124"],AC0102,""""""
CR0132,,COLLECTION_ITEM_1_1,"""""",COLLECTION_INFO_1_1,,"""""",[],0,,{},ST0003,1,["MA0124"],AC0102,""""""
CR0133,,COLLECTION_ITEM_1_1,"""""",COLLECTION_INFO_1_1,,"""""",[],0,,{},ST0009,1,["MA0124"],AC0102,""""""
CR0134,,COLLECTION_ITEM_1_1,"""""",COLLECTION_INFO_1_1,,"""""",[],0,,{},ST0010,1,["MA0124"],AC0102,""""""
CR0135,,COLLECTION_ITEM_1_1,"""""",COLLECTION_INFO_1_1,,"""""",[],0,,{},ST0011,1,["MA0124"],AC0102,""""""
CR0136,,COLLECTION_ITEM_1_1,"""""",COLLECTION_INFO_1_1,,"""""",[],0,,{},"""""",1,["MA0124"],AC0102,""""""
CT0001,,COLLECTION_ITEM_1_1,icon_tool_bag,COLLECTION_INFO_1_1,,"""""",[],0,,{},ST0201,0,"[[""MA0101"",""MA0137""],[""MA0102"",""MA0138""]]","""""",CE0001
CT0002,,COLLECTION_ITEM_1_1,icon_tool_book,COLLECTION_INFO_1_1,,"""""",[],0,,{},"""""",0,"[[""MA0101"",""MA0137""],[""MA0102"",""MA0138""]]","""""",CE0001
CT0003,,COLLECTION_ITEM_1_1,icon_tool_clock,COLLECTION_INFO_1_1,,"""""",[],0,,{},"""""",0,"[[""MA0101"",""MA0137""],[""MA0102"",""MA0138""]]","""""",CE0001
CT0004,,COLLECTION_ITEM_1_1,icon_tool_pearl,COLLECTION_INFO_1_1,,"""""",[],0,,{},ST0204,0,"[[""MA0101"",""MA0137""],[""MA0102"",""MA0138""]]","""""",CE0001
CT0005,,COLLECTION_ITEM_1_1,icon_tool_bag,COLLECTION_INFO_1_1,,"""""",[],0,,{},ST0205,0,"[[""MA0101"",""MA0137""],[""MA0102"",""MA0138""]]","""""",CE0001
CT0006,,COLLECTION_ITEM_1_1,icon_tool_bag,COLLECTION_INFO_1_1,,"""""",[],0,,{},ST0206,0,"[[""MA0101"",""MA0137""],[""MA0102"",""MA0138""]]","""""",CE0002
CT0007,,COLLECTION_ITEM_1_1,icon_tool_bag,COLLECTION_INFO_1_1,,"""""",[],0,,{},"""""",0,"[[""MA0101"",""MA0137""],[""MA0102"",""MA0138""]]","""""",CE0002
CT0008,,COLLECTION_ITEM_1_1,icon_tool_bag,COLLECTION_INFO_1_1,,"""""",[],0,,{},ST0208,0,"[[""MA0101"",""MA0137""],[""MA0102"",""MA0138""]]","""""",CE0002
CT0009,,COLLECTION_ITEM_1_1,icon_tool_bag,COLLECTION_INFO_1_1,,"""""",[],0,,{},ST0209,0,"[[""MA0101"",""MA0137""],[""MA0102"",""MA0138""]]","""""",CE0002
CT0010,,COLLECTION_ITEM_1_1,icon_tool_bag,COLLECTION_INFO_1_1,,"""""",[],0,,{},"""""",0,"[[""MA0101"",""MA0137""],[""MA0102"",""MA0138""]]","""""",CE0002
CT0011,,COLLECTION_ITEM_1_1,icon_tool_bag,COLLECTION_INFO_1_1,,"""""",[],0,,{},"""""",0,[],"""""",CE0003
CT0012,,COLLECTION_ITEM_1_1,icon_tool_bag,COLLECTION_INFO_1_1,,"""""",[],0,,{},ST0003,0,[],"""""",CE0003
CT0013,,COLLECTION_ITEM_1_1,icon_tool_bag,COLLECTION_INFO_1_1,,"""""",[],0,,{},ST0009,0,[],"""""",CE0003
CT0014,,COLLECTION_ITEM_1_1,icon_tool_bag,COLLECTION_INFO_1_1,,"""""",[],0,,{},ST0010,0,[],"""""",CE0003
CT0015,,COLLECTION_ITEM_1_1,icon_tool_bag,COLLECTION_INFO_1_1,,"""""",[],0,,{},ST0011,0,[],"""""",CE0003
CT0016,,COLLECTION_ITEM_1_1,icon_tool_bag,COLLECTION_INFO_1_1,,"""""",[],0,,{},"""""",0,[],"""""",CE0004
CT0017,,COLLECTION_ITEM_1_1,icon_tool_bag,COLLECTION_INFO_1_1,,"""""",[],0,,{},ST0201,0,[],"""""",CE0004
CT0018,,COLLECTION_ITEM_1_1,icon_tool_bag,COLLECTION_INFO_1_1,,"""""",[],0,,{},"""""",0,[],"""""",CE0004
CT0019,,COLLECTION_ITEM_1_1,icon_tool_bag,COLLECTION_INFO_1_1,,"""""",[],0,,{},"""""",0,[],"""""",CE0004
CT0020,,COLLECTION_ITEM_1_1,icon_tool_bag,COLLECTION_INFO_1_1,,"""""",[],0,,{},ST0204,0,[],"""""",CE0004
CT0021,,COLLECTION_ITEM_1_1,icon_tool_bag,COLLECTION_INFO_1_1,,"""""",[],0,,{},ST0205,0,[],"""""",CE0005
CT0022,,COLLECTION_ITEM_1_1,icon_tool_bag,COLLECTION_INFO_1_1,,"""""",[],0,,{},ST0206,0,[],"""""",CE0005
CT0023,,COLLECTION_ITEM_1_1,icon_tool_bag,COLLECTION_INFO_1_1,,"""""",[],0,,{},"""""",0,[],"""""",CE0005
CT0024,,COLLECTION_ITEM_1_1,icon_tool_bag,COLLECTION_INFO_1_1,,"""""",[],0,,{},ST0208,0,[],"""""",CE0005
CT0025,,COLLECTION_ITEM_1_1,icon_tool_bag,COLLECTION_INFO_1_1,,"""""",[],0,,{},ST0209,0,[],"""""",CE0005
CT0026,,COLLECTION_ITEM_1_1,icon_tool_bag,COLLECTION_INFO_1_1,,"""""",[],0,,{},"""""",0,[],"""""",CE0006
CT0027,,COLLECTION_ITEM_1_1,icon_tool_bag,COLLECTION_INFO_1_1,,"""""",[],0,,{},"""""",0,[],"""""",CE0006
CT0028,,COLLECTION_ITEM_1_1,icon_tool_bag,COLLECTION_INFO_1_1,,"""""",[],0,,{},ST0003,0,[],"""""",CE0006
CT0029,,COLLECTION_ITEM_1_1,icon_tool_bag,COLLECTION_INFO_1_1,,"""""",[],0,,{},ST0009,0,[],"""""",CE0006
CT0030,,COLLECTION_ITEM_1_1,icon_tool_bag,COLLECTION_INFO_1_1,,"""""",[],0,,{},ST0010,0,[],"""""",CE0006
CT0031,,COLLECTION_ITEM_1_1,icon_tool_bag,COLLECTION_INFO_1_1,,"""""",[],0,,{},ST0011,0,[],"""""",CE0007
CT0032,,COLLECTION_ITEM_1_1,icon_tool_bag,COLLECTION_INFO_1_1,,"""""",[],0,,{},"""""",0,[],"""""",CE0007
CT0033,,COLLECTION_ITEM_1_1,icon_tool_bag,COLLECTION_INFO_1_1,,"""""",[],0,,{},ST0201,0,[],"""""",CE0007
CT0034,,COLLECTION_ITEM_1_1,icon_tool_bag,COLLECTION_INFO_1_1,,"""""",[],0,,{},"""""",0,[],"""""",CE0007
CT0035,,COLLECTION_ITEM_1_1,icon_tool_bag,COLLECTION_INFO_1_1,,"""""",[],0,,{},"""""",0,[],"""""",CE0007
CT0036,,COLLECTION_ITEM_1_1,icon_tool_bag,COLLECTION_INFO_1_1,,"""""",[],0,,{},ST0204,0,[],"""""",CE0008
CT0037,,COLLECTION_ITEM_1_1,icon_tool_bag,COLLECTION_INFO_1_1,,"""""",[],0,,{},ST0205,0,[],"""""",CE0008
CT0038,,COLLECTION_ITEM_1_1,icon_tool_bag,COLLECTION_INFO_1_1,,"""""",[],0,,{},ST0206,0,[],"""""",CE0008
CT0039,,COLLECTION_ITEM_1_1,icon_tool_bag,COLLECTION_INFO_1_1,,"""""",[],0,,{},"""""",0,[],"""""",CE0008
CT0040,,COLLECTION_ITEM_1_1,icon_tool_bag,COLLECTION_INFO_1_1,,"""""",[],0,,{},ST0208,0,[],"""""",CE0008
CT0041,,COLLECTION_ITEM_1_1,icon_tool_bag,COLLECTION_INFO_1_1,,"""""",[],0,,{},ST0209,0,[],"""""",CE0009
CT0042,,COLLECTION_ITEM_1_1,icon_tool_bag,COLLECTION_INFO_1_1,,"""""",[],0,,{},"""""",0,[],"""""",CE0009
CT0043,,COLLECTION_ITEM_1_1,icon_tool_bag,COLLECTION_INFO_1_1,,"""""",[],0,,{},"""""",0,[],"""""",CE0009
CT0044,,COLLECTION_ITEM_1_1,icon_tool_bag,COLLECTION_INFO_1_1,,"""""",[],0,,{},ST0003,0,[],"""""",CE0009
CT0045,,COLLECTION_ITEM_1_1,icon_tool_bag,COLLECTION_INFO_1_1,,"""""",[],0,,{},ST0009,0,[],"""""",CE0009
CT0046,,COLLECTION_ITEM_1_1,icon_tool_bag,COLLECTION_INFO_1_1,,"""""",[],0,,{},ST0010,0,[],"""""",CE0010
CT0047,,COLLECTION_ITEM_1_1,icon_tool_bag,COLLECTION_INFO_1_1,,"""""",[],0,,{},ST0011,0,[],"""""",CE0010
CT0048,,COLLECTION_ITEM_1_1,icon_tool_bag,COLLECTION_INFO_1_1,,"""""",[],0,,{},"""""",0,[],"""""",CE0010
CT0049,,COLLECTION_ITEM_1_1,icon_tool_bag,COLLECTION_INFO_1_1,,"""""",[],0,,{},ST0201,0,[],"""""",CE0010
CT0050,,COLLECTION_ITEM_1_1,icon_tool_bag,COLLECTION_INFO_1_1,,"""""",[],0,,{},"""""",0,[],"""""",CE0010
CT0051,,COLLECTION_ITEM_1_1,icon_tool_bag,COLLECTION_INFO_1_1,,"""""",[],0,,{},"""""",0,[],"""""",CE0011
CT0052,,COLLECTION_ITEM_1_1,icon_tool_bag,COLLECTION_INFO_1_1,,"""""",[],0,,{},ST0204,0,[],"""""",CE0011
CT0053,,COLLECTION_ITEM_1_1,icon_tool_bag,COLLECTION_INFO_1_1,,"""""",[],0,,{},ST0205,0,[],"""""",CE0011
CT0054,,COLLECTION_ITEM_1_1,icon_tool_bag,COLLECTION_INFO_1_1,,"""""",[],0,,{},ST0206,0,[],"""""",CE0011
CT0055,,COLLECTION_ITEM_1_1,icon_tool_bag,COLLECTION_INFO_1_1,,"""""",[],0,,{},"""""",0,[],"""""",CE0011
CT0056,,COLLECTION_ITEM_1_1,icon_tool_bag,COLLECTION_INFO_1_1,,"""""",[],0,,{},ST0208,0,[],"""""",CE0012
CT0057,,COLLECTION_ITEM_1_1,icon_tool_bag,COLLECTION_INFO_1_1,,"""""",[],0,,{},ST0209,0,[],"""""",CE0012
CT0058,,COLLECTION_ITEM_1_1,icon_tool_bag,COLLECTION_INFO_1_1,,"""""",[],0,,{},ST0206,0,[],"""""",CE0012
CT0059,,COLLECTION_ITEM_1_1,icon_tool_bag,COLLECTION_INFO_1_1,,"""""",[],0,,{},"""""",0,[],"""""",CE0012
CT0060,,COLLECTION_ITEM_1_1,icon_tool_bag,COLLECTION_INFO_1_1,,"""""",[],0,,{},ST0208,0,[],"""""",CE0012
CL0001,,COLOR_1,icon_color1,COLLECTION_INFO_1_1,,"""""",[],0,颜料,{},"""""",0,[],"""""",""""""
CL0002,,COLOR_2,icon_color2,COLLECTION_INFO_1_1,,"""""",[],0,颜料,{},"""""",0,[],"""""",""""""
CL0003,,COLOR_3,icon_color3,COLLECTION_INFO_1_1,,"""""",[],0,颜料,{},"""""",0,[],"""""",""""""
CL0004,,COLOR_4,icon_color4,COLLECTION_INFO_1_1,,"""""",[],0,颜料,{},"""""",0,[],"""""",""""""
CL0005,,COLOR_5,icon_color5,COLLECTION_INFO_1_1,,"""""",[],0,颜料,{},"""""",0,[],"""""",""""""
CL0006,,COLOR_6,icon_color6,COLLECTION_INFO_1_1,,"""""",[],0,颜料,{},"""""",0,[],"""""",""""""
CL0007,,COLOR_7,icon_color7,COLLECTION_INFO_1_1,,"""""",[],0,颜料,{},"""""",0,[],"""""",""""""
CL0008,,COLOR_8,icon_color8,COLLECTION_INFO_1_1,,"""""",[],0,颜料,{},"""""",0,[],"""""",""""""
CL0009,,COLOR_9,icon_color9,COLLECTION_INFO_1_1,,"""""",[],0,颜料,{},"""""",0,[],"""""",""""""
CL0010,,COLOR_10,icon_color10,COLLECTION_INFO_1_1,,"""""",[],0,颜料,{},"""""",0,[],"""""",""""""
CL0011,,COLOR_10,icon_color10,COLLECTION_INFO_1_1,,"""""",[],0,颜料,{},"""""",0,[],"""""",""""""
